full_name,description,html_url,matched_list,matched_count,pushed_at,size,stargazers_count,language,forks_count,vul_ids
JonathanSalwan/ROPgadget,"This tool lets you search your gadgets on your binaries to facilitate your ROP exploitation. ROPgadget supports ELF, PE and Mach-O format on x86, x64, ARM, ARM64, PowerPC, SPARC and MIPS architectures. ",https://github.com/JonathanSalwan/ROPgadget,['exploit'],1,2021-11-04T10:16:01+0000,26946,2858,Python,514,[]
YASOMASO/exploitation.github.io,None,https://github.com/YASOMASO/exploitation.github.io,['exploit'],1,2021-11-02T13:09:00+0000,0,0,,0,[]
shartware-rbx/injector,The code injector for Shartware.,https://github.com/shartware-rbx/injector,['exploit'],1,2021-11-02T07:58:37+0000,1,0,,0,[]
mukund2201/Book-recommendation,In this project by exploiting similarities between users the model suggest book and also we tried some exploration on data to find popular books. ,https://github.com/mukund2201/Book-recommendation,['exploit'],1,2021-11-02T06:38:58+0000,0,0,,0,[]
Devang-Solanki/Oauth-SAML-Exploits,None,https://github.com/Devang-Solanki/Oauth-SAML-Exploits,['exploit'],1,2021-11-02T06:23:29+0000,0,0,Ruby,0,[]
ProIntegritate/ExtractC2FromShellcode,Tool to extract C2 ip adresses from shellcode,https://github.com/ProIntegritate/ExtractC2FromShellcode,['shellcode'],1,2021-11-02T05:18:07+0000,0,0,Visual Basic .NET,0,[]
shartware-rbx/shartware,A Roblox cheat fully made by an artificial intelligence (GitHub Copilot).,https://github.com/shartware-rbx/shartware,['exploit'],1,2021-11-02T03:45:28+0000,0,0,,0,[]
plvhx/freebsd-shellcode,FreeBSD (x86 / x86-64) shellcode,https://github.com/plvhx/freebsd-shellcode,['shellcode'],1,2021-11-02T02:19:11+0000,0,0,C,0,[]
Stoneless1337/Fortnite-exploits-always-updating,Some fortnite exploits always updating from android1337,https://github.com/Stoneless1337/Fortnite-exploits-always-updating,['exploit'],1,2021-11-02T02:06:23+0000,0,1,,0,[]
chronoss09/sleirsgoevy755,7.5x Sleirsgoevy exploit,https://github.com/chronoss09/sleirsgoevy755,['exploit'],1,2021-11-02T01:44:45+0000,0,0,JavaScript,0,[]
ale106106106/lol,"for e,l in pairs({(function(l,...)_d3da9feab22b06ab=""This file was obfuscated using PSU Obfuscator 4.5.A _ https://www.psu.dev/ & discord.gg/psu"";local T=_d3da9feab22b06ab local B=l[""hFIGO""];local Z=l[((163996723-#(""perth is sus"")))];local a=l[(190845429)]",https://github.com/ale106106106/lol,['sploit'],1,2021-11-02T01:15:42+0000,0,0,,0,"['VU#36', 'VU#37', 'VU#38']"
HausemasterIssue/TickShift,The code for the TickShift exploit,https://github.com/HausemasterIssue/TickShift,['exploit'],1,2021-11-06T22:34:20+0000,23,13,Java,6,[]
abrandec/solidity-security-exploits,None,https://github.com/abrandec/solidity-security-exploits,['exploit'],1,2021-11-01T22:35:18+0000,0,0,,0,[]
snoowl26/didactic-guacamole,a defi exploit,https://github.com/snoowl26/didactic-guacamole,['exploit'],1,2021-11-01T22:09:26+0000,0,0,HTML,0,[]
ZakaryaIT/-0Day-Auto-shel,None,https://github.com/ZakaryaIT/-0Day-Auto-shel,['0day'],1,2021-11-01T21:52:11+0000,0,0,Python,0,[]
Exploiterslol/AniSploit,None,https://github.com/Exploiterslol/AniSploit,['sploit'],1,2021-11-01T21:40:39+0000,0,0,,0,[]
ZakaryaIT/Mass-Exploit3r-main,None,https://github.com/ZakaryaIT/Mass-Exploit3r-main,['exploit'],1,2021-11-01T21:23:24+0000,0,0,Python,0,[]
hffaust/CVE-2021-42574_and_CVE-2021-42694,None,https://github.com/hffaust/CVE-2021-42574_and_CVE-2021-42694,['cve-2 OR cve_2'],1,2021-11-01T17:13:51+0000,0,0,,0,"['CVE-2021-42574', 'CVE-2021-42694']"
batuhanakcay/evo-optim-flags,Class project for EECS583: Advanced Compilers: Evolutionary Optimization of Compiler Flag Selection by Learning and Exploiting Flags Interactions. ,https://github.com/batuhanakcay/evo-optim-flags,['exploit'],1,2021-11-01T16:23:39+0000,0,0,,0,[]
sruthishiva/CyberSecurityAnalysis,Cluster And Predict exploits and vulnerabilities using Machine Learning,https://github.com/sruthishiva/CyberSecurityAnalysis,['exploit'],1,2021-11-01T20:23:41+0000,18031,0,Jupyter Notebook,0,[]
batuhan98/ExploitBufferOverflow,None,https://github.com/batuhan98/ExploitBufferOverflow,['exploit'],1,2021-11-01T14:47:26+0000,0,0,Python,0,[]
Cosemz/CVE-2021-20837,MovableType XMLRPC  - RCE,https://github.com/Cosemz/CVE-2021-20837,"['cve-2 OR cve_2', 'rce']",2,2021-11-01T13:33:01+0000,0,0,,0,['CVE-2021-20837']
shiomiyan/CVE-2021-42574,None,https://github.com/shiomiyan/CVE-2021-42574,['cve-2 OR cve_2'],1,2021-11-01T13:15:09+0000,0,0,Rust,0,['CVE-2021-42574']
rcelebi/rcelebi.github.io,None,https://github.com/rcelebi/rcelebi.github.io,['rce'],1,2021-11-01T12:25:00+0000,0,0,,0,[]
DracoFAAD/exploit-lib-roblox,None,https://github.com/DracoFAAD/exploit-lib-roblox,['exploit'],1,2021-11-01T11:17:10+0000,4,0,Lua,0,[]
m3hr44n/Simple-CTF-Exploit,None,https://github.com/m3hr44n/Simple-CTF-Exploit,['exploit'],1,2021-11-02T11:54:48+0000,0,1,Python,0,[]
jessicascarborough/cissig,"The public repository including all code to recreate the analysis and figures from, ""Exploiting convergent evolution to derive a pan-cancer cisplatin sensitivity gene expression signature.""",https://github.com/jessicascarborough/cissig,['exploit'],1,2021-11-04T18:08:57+0000,45,0,,0,[]
parad0xer/Shellcode,None,https://github.com/parad0xer/Shellcode,['shellcode'],1,2021-11-03T15:48:45+0000,5,0,Assembly,0,[]
NineRiver7/Leviathan_Simple_Wargame_System,"A simple Wargame system , the target of exploitation is satisfying the needs of my QQ group Wargame party.",https://github.com/NineRiver7/Leviathan_Simple_Wargame_System,['exploit'],1,2021-11-02T14:32:44+0000,0,0,,0,[]
ColdFusionX/CVE-2021-34429,POC for CVE-2021-34429 - Eclipse Jetty 11.0.5 Sensitive File Disclosure,https://github.com/ColdFusionX/CVE-2021-34429,"['cve poc', 'cve-2 OR cve_2', 'exploit']",3,2021-11-03T11:51:41+0000,42,1,Java,0,['CVE-2021-34429']
orangecertcc/ecdummy,Exploiting dummy codes in Elliptic Curve Cryptography implementations,https://github.com/orangecertcc/ecdummy,['exploit'],1,2021-11-03T08:38:51+0000,0,0,Python,0,[]
TaroballzChen/CVE-2021-36260-metasploit,the metasploit script(POC) about CVE-2021-36260 ,https://github.com/TaroballzChen/CVE-2021-36260-metasploit,"['cve poc', 'cve-2 OR cve_2', 'metasploit module OR payload']",3,2021-11-03T08:26:24+0000,0,0,Python,0,['CVE-2021-36260']
Aviksaikat/CVE-2020-3452,Test vulnerability of CVE-2020-3452,https://github.com/Aviksaikat/CVE-2020-3452,['cve-2 OR cve_2'],1,2021-11-03T07:31:51+0000,0,0,Python,0,['CVE-2020-3452']
dnr6419/CVE-2021-24545,WordPress Plugin HTML Author Bio description XSS,https://github.com/dnr6419/CVE-2021-24545,['cve-2 OR cve_2'],1,2021-11-03T05:49:45+0000,0,0,Python,0,['CVE-2021-24545']
7gh/hakie-exploit,idk why i made this but it took me like 1 min to make xd,https://github.com/7gh/hakie-exploit,['exploit'],1,2021-11-03T04:46:30+0000,0,0,Python,0,[]
Trushal2004/CVE-2018-16763,fuel CMS 1.4.1 - Remote Code Execution,https://github.com/Trushal2004/CVE-2018-16763,"['cve-2 OR cve_2', 'remote code execution']",2,2021-11-03T05:19:15+0000,0,0,Python,0,['CVE-2018-16763']
ChrisTheCoolHut/bcheck,Find command injection and format string bugs in binaries,https://github.com/ChrisTheCoolHut/bcheck,['command injection'],1,2021-11-03T03:48:49+0000,0,1,Python,0,[]
ShootFirstAskQuestionsLater/KrnlMonacoBase,"A Roblox exploit UI (UI only, no code) that uses CefSharp and Krnl Monaco",https://github.com/ShootFirstAskQuestionsLater/KrnlMonacoBase,['exploit'],1,2021-11-03T03:29:48+0000,0,0,,0,[]
coolp972/tripex,tripex is the best roblox exploit,https://github.com/coolp972/tripex,['exploit'],1,2021-11-03T01:37:12+0000,0,0,,0,[]
Stoneless1337/Fortnite-Exploits-Always-Updating-Internal-,Some fortnite exploits (INTERNAL) always updating from android1337 (Also start the repository and ill give u fucking ud uworld :hot:),https://github.com/Stoneless1337/Fortnite-Exploits-Always-Updating-Internal-,['exploit'],1,2021-11-02T22:31:19+0000,0,0,,0,[]
dyllan500/Exploit-Education-Write-Up,A collection of write ups on how I solved each exploit challenge on Exploit Education,https://github.com/dyllan500/Exploit-Education-Write-Up,['exploit'],1,2021-11-06T00:13:08+0000,11,0,,0,[]
js-on/CVE-2021-42694,Generate malicious files using recently published homoglyphic-attack (CVE-2021-42694),https://github.com/js-on/CVE-2021-42694,['cve-2 OR cve_2'],1,2021-11-02T20:40:17+0000,0,0,Python,0,['CVE-2021-42694']
eipdope/ShellCodersHandbookCodes,None,https://github.com/eipdope/ShellCodersHandbookCodes,['shellcode'],1,2021-11-02T20:14:03+0000,0,0,,0,[]
pwn4all/exploit,None,https://github.com/pwn4all/exploit,['exploit'],1,2021-11-05T06:12:35+0000,24,0,,0,[]
mansstiv/eClass-Penetration-Testing,Evaluating the security (exploiting and fixing vulnerabilities) of Open eClass 2.3 (University of Athens) platform. ,https://github.com/mansstiv/eClass-Penetration-Testing,['exploit'],1,2021-11-02T19:57:14+0000,14503,0,PHP,0,[]
Xonarouss/XonarExploit,None,https://github.com/Xonarouss/XonarExploit,['exploit'],1,2021-11-04T15:22:20+0000,0,0,,0,[]
greekn/pytask,PyTask Red Team Vulnerability exploitation framework,https://github.com/greekn/pytask,['exploit'],1,2021-11-02T17:35:42+0000,0,0,,0,[]
SpiralBL0CK/exploit-starcraft-rop-virtualalloc-EUD,None,https://github.com/SpiralBL0CK/exploit-starcraft-rop-virtualalloc-EUD,['exploit'],1,2021-11-02T16:31:54+0000,0,0,,0,[]
Nerkho/MS08-067,Updated MS08-067 Python exploit script for Python 3,https://github.com/Nerkho/MS08-067,['exploit'],1,2021-11-02T16:39:01+0000,0,0,Python,0,['MS08-067']
pmalmsten/tension-wrench,Tension Wrench is an interactive security brainstorming guide website that helps software engineers brainstorm things attackers might try to do to exploit a software system and ways to defend against them.,https://github.com/pmalmsten/tension-wrench,['exploit'],1,2021-11-03T00:31:39+0000,0,0,TypeScript,0,[]
js-on/CVE-2021-42574,Generate malicious files using recently published bidi-attack (CVE-2021-42574),https://github.com/js-on/CVE-2021-42574,['cve-2 OR cve_2'],1,2021-11-02T15:33:40+0000,0,0,Python,0,['CVE-2021-42574']
mari6274/oauth-client-exploit,Applications that reproduce CVE-2021-22119,https://github.com/mari6274/oauth-client-exploit,['exploit'],1,2021-11-02T15:17:26+0000,0,0,Java,0,['CVE-2021-22119']
Henrinnes/exploiting-securing-Docker-and-kubernetes,None,https://github.com/Henrinnes/exploiting-securing-Docker-and-kubernetes,['exploit'],1,2021-11-01T10:01:01+0000,0,0,,0,[]
a520ass/Exploit-HS8145C5V5-ONT,None,https://github.com/a520ass/Exploit-HS8145C5V5-ONT,['exploit'],1,2021-11-01T08:19:10+0000,0,0,Shell,0,[]
sinjeanmin/cvedetails_2020_final,redoing cve_2020 repository,https://github.com/sinjeanmin/cvedetails_2020_final,['cve-2 OR cve_2'],1,2021-11-04T09:32:05+0000,11603,0,,0,[]
CrystalCL/BowExploitFixer,"This is plugin for 1.17 Spigot/Bukkit Minecraft's servers. This plugin fixes BowExploit(BowBomb) that found recently. Meteor Client developers released their fix, but the problem is that it fixes vanills arrow mechanics. Together I with https://github.com/",https://github.com/CrystalCL/BowExploitFixer,['exploit'],1,2021-11-02T09:22:12+0000,47,5,Java,1,[]
manansalsa/reANE,Reverse engineering the Apple Neural Engine to find exploits in iOS,https://github.com/manansalsa/reANE,['exploit'],1,2021-11-01T01:16:53+0000,0,1,,0,[]
tjonty/exploit,None,https://github.com/tjonty/exploit,['exploit'],1,2021-11-05T00:05:57+0000,1828,0,JavaScript,0,[]
openwrt-xiaomi/xmir-patcher,Firmware patcher for Xiaomi routers,https://github.com/openwrt-xiaomi/xmir-patcher,['exploit'],1,2021-11-04T17:57:47+0000,11999,2,Python,0,[]
raniceyue/cafe-exploitation,A blog where I write about exploiting cafes around Singapore,https://github.com/raniceyue/cafe-exploitation,['exploit'],1,2021-11-05T13:26:02+0000,22382,0,HTML,0,[]
Alegarciy/SS-P1_Py_Exploit,"Project 01- Softare Security, Eval Function Exploit",https://github.com/Alegarciy/SS-P1_Py_Exploit,['exploit'],1,2021-11-03T23:04:36+0000,5,0,HTML,0,[]
punyaslokdutta/Reverse-Shell-scripts,"A reverse shell is a shell session established on a connection that is initiated from a remote machine, not from the local host. Attackers who successfully exploit a remote command execution vulnerability can use a reverse shell to obtain an interactive sh",https://github.com/punyaslokdutta/Reverse-Shell-scripts,['exploit'],1,2021-11-01T06:21:17+0000,30,0,Python,0,[]
YieldingExploiter/YieldingExploiter,None,https://github.com/YieldingExploiter/YieldingExploiter,['exploit'],1,2021-11-05T14:34:16+0000,49,0,HTML,0,[]
p0dalirius/binaryexploitation,"A massive documentation about binary protections, exploitation techniques, and computer architecture concepts.",https://github.com/p0dalirius/binaryexploitation,['exploit'],1,2021-11-04T08:17:07+0000,295,7,,0,[]
Leovalcante/wcs_scanner,Oracle WebCenter Sites Vulnerability Scanner,https://github.com/Leovalcante/wcs_scanner,['exploit'],1,2021-11-05T23:10:52+0000,13,1,Python,0,[]
horosora/pwnkit,Exploit development library,https://github.com/horosora/pwnkit,['exploit'],1,2021-11-06T09:07:01+0000,6,0,Python,0,[]
hakivvi/CVE-2021-40449,"My exploit for CVE-2021-40449, a Windows LPE via a UAF in win32kfull!GreResetDCInternal.",https://github.com/hakivvi/CVE-2021-40449,"['cve-2 OR cve_2', 'exploit']",2,2021-11-05T06:54:10+0000,1739,18,C++,7,['CVE-2021-40449']
4dmud/mud,"The world has not been the same since the outbreak and ending of World War 3 in the same year, 2079, when the ‚ÄúDeveloping Countries‚Äù in Africa and Asia finally rebelled against the exploitation by the western ‚Äúindustrial countries‚Äù. A massive launching of ",https://github.com/4dmud/mud,['exploit'],1,2021-11-04T11:16:23+0000,14236,4,C++,4,[]
S-E-S-S-O/SS-SessoSploit,None,https://github.com/S-E-S-S-O/SS-SessoSploit,['sploit'],1,2021-11-06T14:25:47+0000,35,3,Python,0,[]
whoismissing/full-chain-practice,practicing writing full chain exploits,https://github.com/whoismissing/full-chain-practice,['exploit'],1,2021-11-06T14:28:44+0000,9271,0,,0,[]
HonestlyDex/CaffieneHubWeb,None,https://github.com/HonestlyDex/CaffieneHubWeb,['exploit'],1,2021-11-05T00:39:17+0000,101,0,SCSS,0,[]
formidablae/Hacking_The_Art_of_Exploitation,Hacking - The Art of Exploitation book code,https://github.com/formidablae/Hacking_The_Art_of_Exploitation,['exploit'],1,2021-11-03T21:03:51+0000,3,0,C,0,[]
cshewmake2/cone-classification,The use of adaptive optics scanning laser ophthalmoscopy (AOSLO) to probe color perception at the individual cone level has become increasingly of interest in the vision science community. Such experiments are enabled by having individual subjects' cone cl,https://github.com/cshewmake2/cone-classification,['exploit'],1,2021-11-04T01:30:58+0000,4751,0,Jupyter Notebook,0,[]
sinjeanmin/cvedetails_2020,For IS713 Project,https://github.com/sinjeanmin/cvedetails_2020,['cve-2 OR cve_2'],1,2021-11-02T15:09:07+0000,22448,0,,0,[]
Henry4E36/dedecms_5.8.1_RCE,dedecms_5.8.1‰ª£Á†ÅÊâßË°åÊºèÊ¥û,https://github.com/Henry4E36/dedecms_5.8.1_RCE,['rce'],1,2021-11-05T00:27:09+0000,5,5,Python,1,[]
gh0x0st/OSEP-Breaking-Chains,A collection of code that I am using as I work through the PEN-300 course.,https://github.com/gh0x0st/OSEP-Breaking-Chains,['shellcode'],1,2021-11-06T01:40:57+0000,52,1,C#,0,[]
GeraBruhh/Msf-Tool,"script en python para crear payloads, tambien abre metasploit para terminar",https://github.com/GeraBruhh/Msf-Tool,['metasploit module OR payload'],1,2021-11-07T05:21:18+0000,25,1,Python,0,[]
0x0021h/exploitsearch,pwnwiki's command-line query program,https://github.com/0x0021h/exploitsearch,"['cve poc', 'exploit', 'vulnerability poc']",3,2021-11-05T06:18:11+0000,14,1,Python,1,[]
senhaxor/msf_shellcode,None,https://github.com/senhaxor/msf_shellcode,['shellcode'],1,2021-11-01T06:26:28+0000,43,0,,0,[]
RobertDra/CVE-2021-31862,None,https://github.com/RobertDra/CVE-2021-31862,['cve-2 OR cve_2'],1,2021-11-01T12:56:12+0000,2,0,,0,['CVE-2021-31862']
WhitfieBad/LearningExploiting,None,https://github.com/WhitfieBad/LearningExploiting,['exploit'],1,2021-11-01T08:10:03+0000,6,0,C,0,[]
Qclover/Gitlab_RCE_CVE_2021_22205,None,https://github.com/Qclover/Gitlab_RCE_CVE_2021_22205,"['cve-2 OR cve_2', 'rce']",2,2021-11-02T04:19:55+0000,4,0,Python,0,['CVE-2021-22205']
docfate111/CVE-2021-42327,WIP kernel exploit for minor bug i found in amd gpu driver,https://github.com/docfate111/CVE-2021-42327,"['cve-2 OR cve_2', 'exploit']",2,2021-11-02T03:39:07+0000,1536,0,C,0,['CVE-2021-42327']
GANG123gg/exploit,None,https://github.com/GANG123gg/exploit,['exploit'],1,2021-11-01T06:57:06+0000,0,0,,0,[]
shang159/CVE-2021-22205-getshell,CVE-2021-22205-getshell,https://github.com/shang159/CVE-2021-22205-getshell,['cve-2 OR cve_2'],1,2021-11-01T06:20:13+0000,0,0,,0,['CVE-2021-22205']
AkBanner/CVE-2021-22205,None,https://github.com/AkBanner/CVE-2021-22205,['cve-2 OR cve_2'],1,2021-11-01T05:47:27+0000,0,0,Python,0,['CVE-2021-22205']
devarajug/Tabnabbing_POC,This repository contains POC of tabnabbing vulnerability occurs in webapplication.,https://github.com/devarajug/Tabnabbing_POC,['vulnerability poc'],1,2021-11-01T06:32:39+0000,0,0,CSS,0,[]
antx-code/CVE-2021-22214,Gitlab CI Lint APIÊú™ÊéàÊùÉ SSRFÊºèÊ¥û CVE-2021-22214,https://github.com/antx-code/CVE-2021-22214,['cve-2 OR cve_2'],1,2021-11-04T02:21:28+0000,7,1,Python,1,['CVE-2021-22214']
WhoisNirvalu/MetasploitTermux,None,https://github.com/WhoisNirvalu/MetasploitTermux,['metasploit module OR payload'],1,2021-11-01T01:07:02+0000,0,0,Python,0,[]
Youheng-Lue/art-exploit,None,https://github.com/Youheng-Lue/art-exploit,['exploit'],1,2021-11-01T10:32:29+0000,1,0,,0,[]
AlarmClockCrusher/PythonHearthstone,"A simulation Hearthstone, written in Python 3.8 and exploiting Panda3D, an open-source game engine.",https://github.com/AlarmClockCrusher/PythonHearthstone,['exploit'],1,2021-11-02T07:26:01+0000,348779,0,Python,0,[]
Seals6/CVE-2021-22205,CVE-2021-22205Êú™ÊéàÊùÉÊºèÊ¥ûÊâπÈáèÊ£ÄÊµã,https://github.com/Seals6/CVE-2021-22205,['cve-2 OR cve_2'],1,2021-11-02T16:27:25+0000,212,5,Python,3,['CVE-2021-22205']
plvhx/solaris-shellcode,SunOS Solaris shellcode,https://github.com/plvhx/solaris-shellcode,['shellcode'],1,2021-11-01T03:55:04+0000,13,0,C,0,[]
nickdemiceli/Target-Audience-Random-Forest,"Utilizing an individual company sales dataset to exploit my experience in feature engineering, data transformation, and machine learning deployment.",https://github.com/nickdemiceli/Target-Audience-Random-Forest,['exploit'],1,2021-11-04T15:10:33+0000,0,0,Jupyter Notebook,0,[]
IvanGlinkin/Dics-for-Russian-AD,The first thing every penetration tester performs getting into a controller domain subnet is to brute force discovery of users which is called a Kerbrute attack. There are plenty of articles about that type of exploitation but in every source an author use,https://github.com/IvanGlinkin/Dics-for-Russian-AD,['exploit'],1,2021-11-02T16:24:13+0000,2110,0,,0,[]
Imptovskii/ExploitFixer,–ù–µ–±–æ–ª—å—à–æ–π –ø–ª–∞–≥–∏–Ω –¥–ª—è –∏—Å–ø—Ä–∞–≤–ª–µ–Ω–∏—è –Ω–µ–∫–æ—Ç–æ—Ä—ã—Ö –±–∞–≥–æ–≤.,https://github.com/Imptovskii/ExploitFixer,['exploit'],1,2021-11-02T06:23:14+0000,23,2,Java,0,[]
oxctdev/CVE-2021-20837,XMLRPC  - RCE in MovableTypePoC,https://github.com/oxctdev/CVE-2021-20837,"['cve-2 OR cve_2', 'rce']",2,2021-11-01T17:27:12+0000,169,13,Ruby,5,['CVE-2021-20837']
f0ns1/-Exploiting-BufferOverflow,None,https://github.com/f0ns1/-Exploiting-BufferOverflow,['exploit'],1,2021-11-06T06:38:22+0000,7,0,Python,0,[]
r0lh/gwntools,a simple pwntools-like framework for exploit development,https://github.com/r0lh/gwntools,['exploit'],1,2021-11-03T19:28:53+0000,4,0,Go,0,[]
jtalamini/Exploits,None,https://github.com/jtalamini/Exploits,['exploit'],1,2021-11-06T13:21:35+0000,0,0,Python,0,[]
b3tterm4n/CVE-2021-22205,personal,https://github.com/b3tterm4n/CVE-2021-22205,['cve-2 OR cve_2'],1,2021-11-01T03:37:56+0000,2,0,Python,0,['CVE-2021-22205']
Claudio4813/Reveil_berry,Projet syst√®me exploitation P18M groupe 1 (Arnaud/Vincent/Frederic/Claude),https://github.com/Claudio4813/Reveil_berry,['exploit'],1,2021-11-04T20:22:16+0000,5683,0,CSS,0,[]
Yolnan/24678_CVE_PS5,None,https://github.com/Yolnan/24678_CVE_PS5,['cve-2 OR cve_2'],1,2021-11-04T12:09:17+0000,2714,0,Python,0,[]
mukund2201/Book-recommender-system,This projects include generating popular books list and exploiting users similarity for recommending them books.,https://github.com/mukund2201/Book-recommender-system,['exploit'],1,2021-11-02T06:59:11+0000,0,0,Jupyter Notebook,0,[]
Al1ex/CVE-2021-22205,CVE-2021-22205& GitLab CE/EE RCE,https://github.com/Al1ex/CVE-2021-22205,"['cve-2 OR cve_2', 'rce']",2,2021-11-06T05:20:30+0000,617,56,Python,25,['CVE-2021-22205']
antx-code/CVE-2021-22205,Gitlab CE/EE RCE Êú™ÊéàÊùÉËøúÁ®ã‰ª£Á†ÅÊâßË°åÊºèÊ¥û POC && EXP CVE-2021-22205,https://github.com/antx-code/CVE-2021-22205,"['cve poc', 'cve-2 OR cve_2', 'rce', 'rce poc']",4,2021-11-01T03:26:57+0000,8,1,Python,1,['CVE-2021-22205']
imojne/CVE-2018-6574-POC,None,https://github.com/imojne/CVE-2018-6574-POC,"['cve poc', 'cve-2 OR cve_2']",2,2021-11-03T09:15:52+0000,0,0,,0,['CVE-2018-6574']
nksf7/CVE-2020-14181,PoC for CVE-2020-14181 - Jira User Enumeration via /ViewUserHover.jspa,https://github.com/nksf7/CVE-2020-14181,"['cve poc', 'cve-2 OR cve_2']",2,2021-11-03T11:06:25+0000,0,0,Go,0,['CVE-2020-14181']
rapid7/metasploit-framework,Metasploit Framework,https://github.com/rapid7/metasploit-framework,['metasploit module OR payload'],1,2021-11-04T01:35:35+0000,649754,25506,Ruby,11708,[]
Killerxkiller/ReadMe,How to install Metasploit using kali / and its use cases ,https://github.com/Killerxkiller/ReadMe,['metasploit module OR payload'],1,2021-11-06T04:24:04+0000,0,2,,0,[]
System-CTL/Get-Exploits,My mentor tells me about his journey of OSCP and one python script that helps him alot . The script is about enumerate the target services with NMAP then get exploits of each enumerated service from searchsploit . The whole process done by few lines of Bas,https://github.com/System-CTL/Get-Exploits,['exploit'],1,2021-11-06T14:19:28+0000,1,0,Shell,0,[]
SnyckTryx/Pirate-Exploits,None,https://github.com/SnyckTryx/Pirate-Exploits,['exploit'],1,2021-11-05T22:44:51+0000,0,0,JavaScript,0,[]
DerekAponte/Metasploit,Instructions on how to install and use the metasploit framework ,https://github.com/DerekAponte/Metasploit,['metasploit module OR payload'],1,2021-11-05T22:04:09+0000,0,0,,0,[]
hamza07-w/vuln-windows-application,simple C vulnerable windows program for practicing and learning windows exploitation. ,https://github.com/hamza07-w/vuln-windows-application,['exploit'],1,2021-11-05T22:45:00+0000,123,0,C,0,[]
rbctee/Exploits,Various exploits I wrote,https://github.com/rbctee/Exploits,['exploit'],1,2021-11-05T21:03:57+0000,0,0,Python,0,[]
Elmanja/Github-metasploit,Github metasploit,https://github.com/Elmanja/Github-metasploit,['metasploit module OR payload'],1,2021-11-05T18:59:49+0000,0,0,,0,[]
CarlosG13/CVE-2021-33026,Pickle Serialization Remote Code Execution - Memcached Poisoning,https://github.com/CarlosG13/CVE-2021-33026,"['cve-2 OR cve_2', 'remote code execution']",2,2021-11-05T18:11:55+0000,0,0,,0,['CVE-2021-33026']
oneoy/Gitlab-Exiftool-RCE,None,https://github.com/oneoy/Gitlab-Exiftool-RCE,['rce'],1,2021-11-05T17:20:25+0000,0,0,Python,0,[]
Jttsuda/Enumeration-Exploitation,None,https://github.com/Jttsuda/Enumeration-Exploitation,['exploit'],1,2021-11-05T17:06:52+0000,0,0,,0,[]
runsel/GitLab-CVE-2021-22205-,Exploit for GitLab CVE-2021-22205 Unauthenticated Remote Code Execution,https://github.com/runsel/GitLab-CVE-2021-22205-,"['cve-2 OR cve_2', 'exploit', 'remote code execution']",3,2021-11-05T17:05:29+0000,0,0,Python,1,['CVE-2021-22205']
X1pe0/Automated-Gitlab-RCE,Automated Gitlab RCE via CVE-2021-22205,https://github.com/X1pe0/Automated-Gitlab-RCE,['rce'],1,2021-11-05T16:52:39+0000,0,0,Python,0,['CVE-2021-22205']
StuckinVim-Forever/Qbot-CobaltStrike-Config,A python script to decrypt possible Qbot-CobaltStrike  shellcode loader module ,https://github.com/StuckinVim-Forever/Qbot-CobaltStrike-Config,['shellcode'],1,2021-11-05T16:58:09+0000,0,0,Python,0,[]
Divyesh-Kanagavel/hack_art,Codes associated with the book - 'Hacking - the art of exploitation,https://github.com/Divyesh-Kanagavel/hack_art,['exploit'],1,2021-11-05T15:05:21+0000,1,0,,0,[]
FalconForceTeam/BOF2shellcode,POC tool to convert CobaltStrike BOF files to raw shellcode,https://github.com/FalconForceTeam/BOF2shellcode,['shellcode'],1,2021-11-05T14:47:13+0000,22,0,C,0,[]
Diicorp95/polyexemplar.py,A Python forking exploit,https://github.com/Diicorp95/polyexemplar.py,['exploit'],1,2021-11-05T14:09:31+0000,0,0,,0,[]
fuchslenny/exploits,None,https://github.com/fuchslenny/exploits,['exploit'],1,2021-11-05T13:04:30+0000,0,0,,0,[]
m0rv4i/SyscallsExample,Simple project using syscalls (via Syswhispers2) to execute MessageBox shellcode.,https://github.com/m0rv4i/SyscallsExample,['shellcode'],1,2021-11-05T11:00:07+0000,0,1,,0,[]
FatCyclone/D-Pwn,D/Invoke standalone shellcode runners,https://github.com/FatCyclone/D-Pwn,['shellcode'],1,2021-11-05T09:20:33+0000,50,0,C#,0,[]
0x0021h/0x00scan,0x00scan is an automated vulnerability scanner,https://github.com/0x0021h/0x00scan,"['cve poc', 'exploit', 'vulnerability poc']",3,2021-11-05T07:01:42+0000,0,0,,0,[]
xinleizhao/K2-scripts,Sample exploit examples,https://github.com/xinleizhao/K2-scripts,['exploit'],1,2021-11-05T07:12:28+0000,0,0,Shell,0,[]
hihiben/exploit_simulation_template,None,https://github.com/hihiben/exploit_simulation_template,['exploit'],1,2021-11-05T08:06:05+0000,0,0,TypeScript,0,[]
hh-hunter/cve-2021-22205,None,https://github.com/hh-hunter/cve-2021-22205,['cve-2 OR cve_2'],1,2021-11-05T05:35:11+0000,0,0,,0,['CVE-2021-22205']
WeeblyDoodOfficial/roblox-exploit-checker,Detects if there are exploits present on a system.,https://github.com/WeeblyDoodOfficial/roblox-exploit-checker,['exploit'],1,2021-11-06T06:41:57+0000,3,0,Batchfile,0,[]
Kerago/Shellcode-Exec-CPP,None,https://github.com/Kerago/Shellcode-Exec-CPP,['shellcode'],1,2021-11-05T23:31:07+0000,0,0,C++,0,[]
mmeza-developer/CVE-2018-0114,JWT Exploit,https://github.com/mmeza-developer/CVE-2018-0114,"['cve-2 OR cve_2', 'exploit']",2,2021-11-06T04:16:20+0000,0,0,Python,0,['CVE-2018-0114']
Peterpan0927/TFC-Chrome-v8-bug-CVE-2021-38001-poc,None,https://github.com/Peterpan0927/TFC-Chrome-v8-bug-CVE-2021-38001-poc,"['cve poc', 'cve-2 OR cve_2']",2,2021-11-05T03:17:58+0000,0,0,,5,['CVE-2021-38001']
mmeza-developer/CVE-2019-5420-RCE,None,https://github.com/mmeza-developer/CVE-2019-5420-RCE,"['cve-2 OR cve_2', 'rce']",2,2021-11-06T04:24:58+0000,0,0,Ruby,0,['CVE-2019-5420']
118fz/Grabsite,All Tools Wp Install Laravel Scanner WordPress Exploit Da Pa Checker A,https://github.com/118fz/Grabsite,['exploit'],1,2021-11-07T09:15:23+0000,0,0,Shell,0,[]
AyeletBronstein/C2_Client_Server_Emulator,"C2 Client-Server Emulator, written in python, exploits using ETag as command 'cover' while client emulates Chrome browser, server emulates IIS.",https://github.com/AyeletBronstein/C2_Client_Server_Emulator,['exploit'],1,2021-11-07T07:46:18+0000,0,0,Python,0,[]
padsalatushal/vsftpd_2.3.4_Exploit,Python exploit for CVE-2011-2523 (vsftpd 2.3.4) ,https://github.com/padsalatushal/vsftpd_2.3.4_Exploit,"['cve-2 OR cve_2', 'exploit']",2,2021-11-07T09:34:25+0000,5,0,Python,0,['CVE-2011-2523']
Dalrae1/Powerline-Bot,A couple of exploit methods for Powerline.io. Video: https://youtu.be/x3VZVHg6lB4,https://github.com/Dalrae1/Powerline-Bot,['exploit'],1,2021-11-07T05:22:06+0000,0,0,JavaScript,0,[]
xvhHaloxx/Halo-Exploit,The Official download page for the Halo Exploit,https://github.com/xvhHaloxx/Halo-Exploit,['exploit'],1,2021-11-07T05:01:00+0000,0,0,,0,[]
1amTylersMind/HowToBE,Learning Binary Exploitation,https://github.com/1amTylersMind/HowToBE,['exploit'],1,2021-11-07T03:22:17+0000,0,0,C,0,[]
koharin/kernel_exploit,None,https://github.com/koharin/kernel_exploit,['exploit'],1,2021-11-07T03:25:43+0000,0,0,Shell,0,[]
shellcode-club/LiveTerm,Stream or share your Terminal on the web. Work for https://term.shellcode.sh.,https://github.com/shellcode-club/LiveTerm,['shellcode'],1,2021-11-07T02:30:14+0000,0,1,,0,[]
eblair2/webkitexploit-poc,a webkit exploit on ios 12,https://github.com/eblair2/webkitexploit-poc,['exploit'],1,2021-11-07T01:15:30+0000,513,0,C,0,[]
eblair2/ios0day-poc,an ios zero day exploit,https://github.com/eblair2/ios0day-poc,['exploit'],1,2021-11-07T01:16:25+0000,224,0,Objective-C,0,[]
raging-loon/nxs,"Network Exploitation Scanner, among other things",https://github.com/raging-loon/nxs,['exploit'],1,2021-11-06T21:42:17+0000,0,0,,0,[]
rce/rce,None,https://github.com/rce/rce,['rce'],1,2021-11-06T20:29:01+0000,0,0,,0,[]
BarniDaShowcaserr/Exploiter-Community,None,https://github.com/BarniDaShowcaserr/Exploiter-Community,['exploit'],1,2021-11-06T20:17:57+0000,0,0,,0,[]
Gabriel-ll/GW-Exploitss,None,https://github.com/Gabriel-ll/GW-Exploitss,['exploit'],1,2021-11-06T18:08:00+0000,0,0,,0,[]
chrisaddessi/Exploitation,None,https://github.com/chrisaddessi/Exploitation,['exploit'],1,2021-11-06T18:00:59+0000,0,0,,0,[]
Calvindd2f/exploits,None,https://github.com/Calvindd2f/exploits,['exploit'],1,2021-11-06T17:35:11+0000,0,0,Python,0,[]
gh0x0st/OSEP-Breaking-Chains,A collection of code snippets built to assist with breaking chains.,https://github.com/gh0x0st/OSEP-Breaking-Chains,['shellcode'],1,2021-11-06T17:18:05+0000,0,0,C#,0,[]
0bfxgh0st/apt-get_update_hook,Gain persistence through apt-get update. Every time user tries sudo apt-get update command we gain root access if we set a listener first. An alternative to /metasploit-framework/blob/master/modules/exploits/linux/local/apt_package_manager_persistence.rb,https://github.com/0bfxgh0st/apt-get_update_hook,"['exploit', 'metasploit module OR payload']",2,2021-11-06T17:18:02+0000,0,0,Shell,0,[]
stalewxrld/Exploit-Repository,A wide variety of exploits available on GitHub that is updated regularly. I try to maximize the amount of opensource exploits I put here as I can. ,https://github.com/stalewxrld/Exploit-Repository,['exploit'],1,2021-11-06T14:30:59+0000,0,1,,0,[]
Erikten/CVE-2021-3129,None,https://github.com/Erikten/CVE-2021-3129,['cve-2 OR cve_2'],1,2021-11-06T14:27:48+0000,0,0,Python,0,['CVE-2021-3129']
attakercyebr/M4nifest0-Payload-Builder,Crypter and downloader rat,https://github.com/attakercyebr/M4nifest0-Payload-Builder,['exploit'],1,2021-11-06T14:46:42+0000,43107,3,C#,3,[]
DaFAKEOrREAL/MorgecxExploit,Morgecx Exploit,https://github.com/DaFAKEOrREAL/MorgecxExploit,['exploit'],1,2021-11-06T13:26:32+0000,0,0,,0,[]
ninjabuster/Exploits,None,https://github.com/ninjabuster/Exploits,['exploit'],1,2021-11-06T04:56:24+0000,0,0,Python,0,[]
photonepoch/modern-windows-exploitdev,None,https://github.com/photonepoch/modern-windows-exploitdev,['exploit'],1,2021-11-05T04:38:30+0000,0,0,,0,[]
maldiohead/TFC-Chrome-v8-bug-CVE-2021-38001-poc,None,https://github.com/maldiohead/TFC-Chrome-v8-bug-CVE-2021-38001-poc,"['cve poc', 'cve-2 OR cve_2']",2,2021-11-05T03:18:48+0000,0,3,JavaScript,2,['CVE-2021-38001']
Crypto-Virus/rari-fuse-vesper-pool-exploit-example,None,https://github.com/Crypto-Virus/rari-fuse-vesper-pool-exploit-example,['exploit'],1,2021-11-03T13:21:58+0000,0,0,Solidity,0,[]
TheHackingRabbi/CVE-2021-42670,CVE-2021-42670 - SQL Injection vulnerability in the Engineers online portal system. ,https://github.com/TheHackingRabbi/CVE-2021-42670,['cve-2 OR cve_2'],1,2021-11-06T17:49:00+0000,2,0,,0,['CVE-2021-42670']
TheHackingRabbi/CVE-2021-42668,CVE-2021-42668 - SQL Injection vulnerability in the Engineers online portal system. ,https://github.com/TheHackingRabbi/CVE-2021-42668,['cve-2 OR cve_2'],1,2021-11-06T17:47:19+0000,1,0,,0,['CVE-2021-42668']
TheHackingRabbi/CVE-2021-42667,CVE-2021-42667 - SQL Injection vulnerability in the Online event booking and reservation system.,https://github.com/TheHackingRabbi/CVE-2021-42667,['cve-2 OR cve_2'],1,2021-11-06T17:46:34+0000,3,0,,0,['CVE-2021-42667']
alexplaygithub/CharaSploit-3.1,a roblox exploit made on c#,https://github.com/alexplaygithub/CharaSploit-3.1,"['exploit', 'sploit']",2,2021-11-03T20:24:19+0000,0,0,,0,[]
TheHackingRabbi/CVE-2021-42666,CVE-2021-42666 - SQL Injection vulnerability in the Engineers online portal system. ,https://github.com/TheHackingRabbi/CVE-2021-42666,['cve-2 OR cve_2'],1,2021-11-06T17:45:37+0000,2,0,,0,['CVE-2021-42666']
talhak08/shellcode_in_resource,None,https://github.com/talhak08/shellcode_in_resource,['shellcode'],1,2021-11-03T20:14:19+0000,0,0,C,0,[]
TheHackingRabbi/CVE-2021-42665,CVE-2021-42665 - SQL Injection authentication bypass vulnerability in the Engineers online portal system. ,https://github.com/TheHackingRabbi/CVE-2021-42665,['cve-2 OR cve_2'],1,2021-11-06T17:44:12+0000,5,0,,0,['CVE-2021-42665']
Adel-kaka-dz/CVE-2006-3392,It is a simple tool to exploit local file include . vulnerabilities,https://github.com/Adel-kaka-dz/CVE-2006-3392,"['cve-2 OR cve_2', 'exploit']",2,2021-11-03T20:25:39+0000,0,0,Python,0,['CVE-2006-3392']
TheHackingRabbi/CVE-2021-42664, CVE-2021-42664 - Stored Cross-Site Scripting vulnerability in the Engineers online portal system.,https://github.com/TheHackingRabbi/CVE-2021-42664,['cve-2 OR cve_2'],1,2021-11-06T17:43:05+0000,4,0,,0,['CVE-2021-42664']
TheHackingRabbi/CVE-2021-42663,CVE-2021-42663 - HTML Injection vulnerability in the Online event booking and reservation system. ,https://github.com/TheHackingRabbi/CVE-2021-42663,['cve-2 OR cve_2'],1,2021-11-06T17:42:05+0000,4,0,,1,['CVE-2021-42663']
ezequiassam/RCemC,None,https://github.com/ezequiassam/RCemC,['rce'],1,2021-11-03T17:54:16+0000,0,0,C,0,[]
TheHackingRabbi/CVE-2021-42662,CVE-2021-42662 - Stored Cross-Site Scripting vulnerability in the Online event booking and reservation system. ,https://github.com/TheHackingRabbi/CVE-2021-42662,['cve-2 OR cve_2'],1,2021-11-03T20:08:02+0000,6,0,,0,['CVE-2021-42662']
Dir0x/CVE-2021-43141,"Information about CVE-2021-43141, a reflected XSS in the plan_application section.",https://github.com/Dir0x/CVE-2021-43141,['cve-2 OR cve_2'],1,2021-11-03T17:57:30+0000,0,0,,0,['CVE-2021-43141']
Dir0x/CVE-2021-43140,SQL injection vulnerability in login exists in Sourcecodester Simple Subscription Website.,https://github.com/Dir0x/CVE-2021-43140,['cve-2 OR cve_2'],1,2021-11-03T17:49:27+0000,0,0,,0,['CVE-2021-43140']
robotsense1337/CVE-2021-42013,Exploit Apache 2.4.50(CVE-2021-42013),https://github.com/robotsense1337/CVE-2021-42013,"['cve-2 OR cve_2', 'exploit']",2,2021-11-03T17:34:27+0000,0,0,Python,0,['CVE-2021-42013']
leonz12345/Currency_Exchange_Arbitrage_Detection,This repo is for exploiting arbitrage in currency exchanging using the Bellman-Ford algorithm.,https://github.com/leonz12345/Currency_Exchange_Arbitrage_Detection,['exploit'],1,2021-11-05T15:29:03+0000,3,0,Python,0,[]
JosephTLucas/CISA_KNOWN_EXPLOITED_VULNERABILITIES_CATALOG,Git Scraping project for CISA Known Exploited Vulnerability Catalog,https://github.com/JosephTLucas/CISA_KNOWN_EXPLOITED_VULNERABILITIES_CATALOG,['exploit'],1,2021-11-03T16:23:09+0000,0,0,,0,[]
devdanqtuan/poc-for-cve-2020-0022,cve-2020-0022,https://github.com/devdanqtuan/poc-for-cve-2020-0022,"['cve poc', 'cve-2 OR cve_2']",2,2021-11-03T15:50:15+0000,0,0,C,0,['CVE-2020-0022']
rcetani74/rcetani74,None,https://github.com/rcetani74/rcetani74,['rce'],1,2021-11-03T15:18:00+0000,0,0,,0,[]
Its-Vichy/Crash-Call-Discord,Crash discord dm / group vocal,https://github.com/Its-Vichy/Crash-Call-Discord,['exploit'],1,2021-11-03T15:09:03+0000,0,4,,0,[]
nksf7/CVE-2015-1635,PoC for CVE-2015-1635 / MS15-034 - HTTP.sys Allows Remote Code Execution / Check & DOS,https://github.com/nksf7/CVE-2015-1635,"['cve poc', 'cve-2 OR cve_2', 'remote code execution']",3,2021-11-03T15:06:40+0000,0,0,Go,0,"['CVE-2015-1635', 'MS15-034']"
synacktiv/CVE-2021-40539,Exploitation code for CVE-2021-40539,https://github.com/synacktiv/CVE-2021-40539,"['cve-2 OR cve_2', 'exploit']",2,2021-11-03T14:52:06+0000,2,0,Python,0,['CVE-2021-40539']
dorkerdevil/CVE-2021-26294,Directory Traversal in Afterlogic webmail aurora and pro,https://github.com/dorkerdevil/CVE-2021-26294,['cve-2 OR cve_2'],1,2021-11-03T14:32:14+0000,0,0,,0,['CVE-2021-26294']
guidepointsecurity/CVE-2021-29156,None,https://github.com/guidepointsecurity/CVE-2021-29156,['cve-2 OR cve_2'],1,2021-11-03T13:21:51+0000,0,0,,0,['CVE-2021-29156']
TheHackingRabbi/CVE-2021-42669,CVE-2021-42669 - Remote code execution via unrestricted file upload vulnerability in the Engineers online portal system.,https://github.com/TheHackingRabbi/CVE-2021-42669,"['cve-2 OR cve_2', 'remote code execution']",2,2021-11-06T17:48:02+0000,7,0,Python,0,['CVE-2021-42669']
TheHackingRabbi/CVE-2021-42671,CVE-2021-42671 - Broken access control vulnerability in the Engineers online portal system. ,https://github.com/TheHackingRabbi/CVE-2021-42671,['cve-2 OR cve_2'],1,2021-11-06T17:49:40+0000,1,0,,0,['CVE-2021-42671']
ShootFirstAskQuestionsLater/ImGui_ExploitBase,C++ ImGui Roblox exploit base powered by WeAreDevs API - https://wearedevs.net/exploits/,https://github.com/ShootFirstAskQuestionsLater/ImGui_ExploitBase,['exploit'],1,2021-11-05T02:11:33+0000,0,0,,0,[]
HonestlyDex/CaffieneHub,Coffee + Exploiting,https://github.com/HonestlyDex/CaffieneHub,['exploit'],1,2021-11-04T01:19:29+0000,0,0,,0,[]
JohnSV18/Jinja2-ExploitMe,None,https://github.com/JohnSV18/Jinja2-ExploitMe,['exploit'],1,2021-11-04T23:41:09+0000,0,0,,0,[]
Hydragyrum/CVE-2021-41773-Playground,Some docker images to play with CVE-2021-41773 and CVE-2021-42013,https://github.com/Hydragyrum/CVE-2021-41773-Playground,['cve-2 OR cve_2'],1,2021-11-04T22:56:14+0000,0,0,Dockerfile,0,"['CVE-2021-41773', 'CVE-2021-42013']"
kingbiagio/exploit,None,https://github.com/kingbiagio/exploit,['exploit'],1,2021-11-04T23:29:01+0000,0,0,Python,0,[]
chrisaddessi/Linux-Exploitation,None,https://github.com/chrisaddessi/Linux-Exploitation,['exploit'],1,2021-11-04T23:24:27+0000,0,0,,0,[]
myhackingblog/WED,Windows Exploit Development,https://github.com/myhackingblog/WED,['exploit'],1,2021-11-04T21:29:47+0000,0,0,,0,[]
cdenicola/CS106S-VulnerabilityExample,"Web App that contains endpoints for IDOR, XSS, and RCE attacks",https://github.com/cdenicola/CS106S-VulnerabilityExample,['rce'],1,2021-11-04T20:12:40+0000,0,0,JavaScript,0,[]
jnajwhdanbiwduanwdioayuhbou2qgybroq/HSploit,HSploit - Open Source,https://github.com/jnajwhdanbiwduanwdioayuhbou2qgybroq/HSploit,['exploit'],1,2021-11-04T19:27:01+0000,0,0,,0,[]
xcihad/brutej,FTP/SSH Bruteforce attack automation with Metasploit,https://github.com/xcihad/brutej,['metasploit module OR payload'],1,2021-11-06T18:26:07+0000,11,0,Shell,0,[]
edavgaun/RCEL_506,None,https://github.com/edavgaun/RCEL_506,['rce'],1,2021-11-04T17:48:26+0000,0,0,,0,[]
xbdmdev/0days-In-The-Wild,A list of CVEs patched in 2021.,https://github.com/xbdmdev/0days-In-The-Wild,['0day'],1,2021-11-05T09:54:13+0000,91,0,,0,[]
d-s-i/reentrancy-exploit,None,https://github.com/d-s-i/reentrancy-exploit,['exploit'],1,2021-11-04T17:23:53+0000,130,0,TypeScript,0,[]
ph-arm/CVE-2021-22204-Gitlab,Modification of gitlab exploit anything under 13.10,https://github.com/ph-arm/CVE-2021-22204-Gitlab,"['cve-2 OR cve_2', 'exploit']",2,2021-11-04T14:31:04+0000,0,0,,0,['CVE-2021-22204']
fernandooliveira7/Exploit-de-Buffer-Overflow,None,https://github.com/fernandooliveira7/Exploit-de-Buffer-Overflow,['exploit'],1,2021-11-04T13:20:48+0000,0,0,C,0,[]
Yolnan/24678_CVE_PS6,None,https://github.com/Yolnan/24678_CVE_PS6,['cve-2 OR cve_2'],1,2021-11-05T15:12:39+0000,33186,0,Python,0,[]
mrippey/CisaGovRSSFeedParser,Query the CISA RSS feed for information on newly identified vulnerabilities being exploited.,https://github.com/mrippey/CisaGovRSSFeedParser,['exploit'],1,2021-11-04T12:56:03+0000,0,0,Python,0,[]
Jongtek-23/Notes---Linux-Exploitation---Remote-Exploitation,None,https://github.com/Jongtek-23/Notes---Linux-Exploitation---Remote-Exploitation,['exploit'],1,2021-11-04T11:51:41+0000,1,0,,0,[]
devdanqtuan/CVE-2021-22205,CVE-2021-22205& GitLab CE/EE RCE,https://github.com/devdanqtuan/CVE-2021-22205,"['cve-2 OR cve_2', 'rce']",2,2021-11-04T09:01:30+0000,0,0,Python,0,['CVE-2021-22205']
mavii6x/Routersploit-Exploit-IP-error,Please find the way to solve this,https://github.com/mavii6x/Routersploit-Exploit-IP-error,['exploit'],1,2021-11-04T08:54:06+0000,0,1,,0,[]
penucuriCode/Exploit-Discord,None,https://github.com/penucuriCode/Exploit-Discord,['exploit'],1,2021-11-04T08:36:25+0000,0,0,,0,[]
H3rmesk1t/CNVD,CNVD,https://github.com/H3rmesk1t/CNVD,['cnvd-c OR cnvd-2 OR cnnvd-2'],1,2021-11-04T07:21:20+0000,0,0,,0,[]
F-Masood/PHPLiteAdmin-1.9.3---Exploit-PoC,None,https://github.com/F-Masood/PHPLiteAdmin-1.9.3---Exploit-PoC,['exploit'],1,2021-11-04T06:19:30+0000,0,0,,0,[]
oSumAtrIX/dinkleberg,Find out who is pretending to be offline,https://github.com/oSumAtrIX/dinkleberg,['exploit'],1,2021-11-04T04:57:27+0000,222,0,Rust,0,[]
zkhalidul/GrabberWP-CVE-2017-5487,None,https://github.com/zkhalidul/GrabberWP-CVE-2017-5487,['cve-2 OR cve_2'],1,2021-11-04T02:32:21+0000,0,0,Python,0,['CVE-2017-5487']
HonestlyDex/DexHubWeb,None,https://github.com/HonestlyDex/DexHubWeb,['exploit'],1,2021-11-07T01:12:04+0000,916,0,CSS,1,[]
rbctee/Shellcode,Shellcode,https://github.com/rbctee/Shellcode,['shellcode'],1,2021-11-01T19:12:56+0000,9,0,Assembly,0,[]
lb3361/gigatron-os,Gigatron program and operating-system level things to exploit a SD card attached to the SPI interface of a RAM & IO expansion board.,https://github.com/lb3361/gigatron-os,['exploit'],1,2021-11-01T01:26:31+0000,324,0,C,0,[]
2lstudios-mc/FlameCord,Patch for Waterfall to improve performance during attacks and fix memory issues.,https://github.com/2lstudios-mc/FlameCord,['exploit'],1,2021-11-02T13:15:36+0000,1029,77,Shell,43,[]
hvmi/hvmi,Hypervisor Memory Introspection Core Library,https://github.com/hvmi/hvmi,['exploit'],1,2021-11-03T17:36:49+0000,14281,489,C,42,[]
aegoe/MAB,Exploration-Exploitation using MAB,https://github.com/aegoe/MAB,['exploit'],1,2021-11-03T11:26:17+0000,61412,0,HTML,1,[]
bitdefender/bddisasm,"bddisasm is a fast, lightweight, x86/x64 instruction decoder.  The project also features a fast, basic, x86/x64 instruction emulator, designed specifically to detect shellcode-like behavior.",https://github.com/bitdefender/bddisasm,['shellcode'],1,2021-11-02T09:30:22+0000,4621,636,C,82,[]
edoardottt/edoardottt,Hey! I'm edoardottt! üè¥‚Äç‚ò†Ô∏èüëπ,https://github.com/edoardottt/edoardottt,['exploit'],1,2021-11-05T15:07:44+0000,31,0,,0,[]
infosecjunky/FreePBX-2.10.0---Elastix-2.2.0---Remote-Code-Execution,Modified version of the original one for HackTheBox Beep,https://github.com/infosecjunky/FreePBX-2.10.0---Elastix-2.2.0---Remote-Code-Execution,['remote code execution'],1,2021-11-03T15:53:08+0000,5,1,Python,3,[]
michael-c-brennan/lazymaps,Numerical examples from 'Greedy inference with structure-exploiting lazy maps',https://github.com/michael-c-brennan/lazymaps,['exploit'],1,2021-11-03T12:12:26+0000,5456,0,Python,1,[]
th3ken-dev/TH3KEN-EDITION,None,https://github.com/th3ken-dev/TH3KEN-EDITION,['exploit'],1,2021-11-02T18:26:17+0000,3455814,2,Batchfile,0,[]
sepehrdaddev/packetstorm-exploits,None,https://github.com/sepehrdaddev/packetstorm-exploits,['exploit'],1,2021-11-04T00:38:06+0000,1597425,19,C#,9,[]
oulkaid/Robot-Path-Programming-With-PIC18F45K22,"This is an academic project, which aims to exploit PIC18 microcontroller's capabilities for realtime control operations",https://github.com/oulkaid/Robot-Path-Programming-With-PIC18F45K22,['exploit'],1,2021-11-02T16:45:04+0000,9,0,Assembly,0,[]
lsst-uk/lsst-ir-fusion,Development of code to exploit LSST and VISTA imaging,https://github.com/lsst-uk/lsst-ir-fusion,['exploit'],1,2021-11-02T15:49:36+0000,249154,0,Jupyter Notebook,0,[]
aryanguenthner/365,"OSINT, Threat Hunting, Network and Web Recon, Discovery, Enumeration, Vulnerability Mapping, Exploitation, Reporting",https://github.com/aryanguenthner/365,['exploit'],1,2021-11-05T05:30:49+0000,457,9,Python,4,[]
cpesr/wikidataESR,Une exploitation de WikiData pour reconstruire les relations entre les √©tablissements de l'ESR.,https://github.com/cpesr/wikidataESR,['exploit'],1,2021-11-05T12:47:04+0000,19108,1,R,1,[]
ails-lab/with,WITHCulture is a service that provides access to digital cultural heritage items from different repositories and offers a number of added-value services for the creative reuse and intelligent exploitation of that content.,https://github.com/ails-lab/with,['exploit'],1,2021-11-04T09:58:16+0000,106927,0,Java,2,[]
lebaoworks/Exploiting,Exploiting Resources,https://github.com/lebaoworks/Exploiting,['exploit'],1,2021-11-04T16:40:06+0000,4,0,Assembly,0,[]
SoulXHades/Shellcode,A repos of shellcodes I created for fun during my free time to learn.,https://github.com/SoulXHades/Shellcode,['shellcode'],1,2021-11-01T01:44:01+0000,37,3,Assembly,0,[]
hhhrrrttt222111/Ethical-Hacking-Tools,Complete Listing and Usage of Tools used for Ethical Hacking,https://github.com/hhhrrrttt222111/Ethical-Hacking-Tools,['metasploit module OR payload'],1,2021-11-06T06:26:58+0000,396,487,,110,[]
darky/node-remote-repl,Node.js remote code execution via inspect protocol,https://github.com/darky/node-remote-repl,['remote code execution'],1,2021-11-01T17:34:45+0000,31,8,TypeScript,0,[]
NemsploitsTM/Nem-AtKn-SPloits_TM,Exploit developers,https://github.com/NemsploitsTM/Nem-AtKn-SPloits_TM,"['exploit', 'sploit']",2,2021-11-06T23:27:53+0000,3549,0,,0,[]
pedro-javierf/NTRGhidra,Fully Featured Nintendo DS Loader for Ghidra,https://github.com/pedro-javierf/NTRGhidra,['exploit'],1,2021-11-06T11:27:07+0000,300,74,Java,7,[]
TAbdiukov/Exploit-DB,Various scripts,https://github.com/TAbdiukov/Exploit-DB,['exploit'],1,2021-11-01T00:56:06+0000,18,0,Python,0,[]
S1ckB0y1337/Active-Directory-Exploitation-Cheat-Sheet,A cheat sheet that contains common enumeration and attack methods for Windows Active Directory.,https://github.com/S1ckB0y1337/Active-Directory-Exploitation-Cheat-Sheet,['exploit'],1,2021-11-02T19:59:20+0000,3633,2277,,558,[]
cribdragg3r/Alaris,A protective and Low Level Shellcode Loader that defeats modern EDR systems.,https://github.com/cribdragg3r/Alaris,['shellcode'],1,2021-11-01T05:00:43+0000,1284,627,C,107,[]
snu-mllab/PuzzleMix,"Official PyTorch implementation of ""Puzzle Mix: Exploiting Saliency and Local Statistics for Optimal Mixup"" (ICML'20)",https://github.com/snu-mllab/PuzzleMix,['exploit'],1,2021-11-03T23:26:02+0000,90633,97,Jupyter Notebook,11,[]
metricq/metricq-webview,üìà A visualization of MetricQ data exploiting the advantages of the HTA db backend ,https://github.com/metricq/metricq-webview,['exploit'],1,2021-11-04T10:32:21+0000,3621,0,JavaScript,1,[]
houjingyi233/macOS-iOS-system-security,macos/ios exploit writeup,https://github.com/houjingyi233/macOS-iOS-system-security,['exploit'],1,2021-11-05T07:41:53+0000,244,158,,21,[]
nomi-sec/NVD-Exploit-List-Ja,üîçNVD exploit & JVN(Japan Vulnerability Notes) easy description,https://github.com/nomi-sec/NVD-Exploit-List-Ja,['exploit'],1,2021-11-04T00:45:18+0000,43438,24,,14,[]
ARPSyndicate/freakerdb,exploits & fingerprints for freaker framework,https://github.com/ARPSyndicate/freakerdb,['exploit'],1,2021-11-02T02:16:05+0000,34706,2,Python,2,[]
dylanmeca/labsecurity,labsecurity is a framework and its use is for ethical hacking and computer security,https://github.com/dylanmeca/labsecurity,['exploit'],1,2021-11-04T02:39:21+0000,784,8,Python,5,[]
mosecorg/mosec,"A high-performance serving framework for ML models, offers dynamic batching and multi-stage pipeline to fully exploit your compute machine",https://github.com/mosecorg/mosec,['exploit'],1,2021-11-01T02:12:48+0000,700,13,Python,3,[]
renxida/iseedeaduops-poc,Proof-of-concept for I See Dead Micro-Ops transient execution attack,https://github.com/renxida/iseedeaduops-poc,['attack poc'],1,2021-11-03T12:36:13+0000,58,4,HTML,0,[]
rrmenon10/ADAPET,[EMNLP 2021] Improving and Simplifying Pattern Exploiting Training,https://github.com/rrmenon10/ADAPET,['exploit'],1,2021-11-06T22:10:50+0000,242,78,Python,3,[]
giovannyortegon/SocketsShellcodePortingAndCoding,Reverse Engineering Exploit and Tool coding for Security Professionals by James C. Foster with Mike Price,https://github.com/giovannyortegon/SocketsShellcodePortingAndCoding,"['exploit', 'shellcode']",2,2021-11-06T06:20:27+0000,43,0,C,0,[]
tencentcloud-sdk-php/rce,None,https://github.com/tencentcloud-sdk-php/rce,['rce'],1,2021-11-04T00:48:33+0000,81,0,PHP,0,[]
Vyper-Dev/p0tion,Depreciated WIP Jailbreak using the Cicuta Virosa exploit,https://github.com/Vyper-Dev/p0tion,['exploit'],1,2021-11-03T20:25:02+0000,68304,2,Swift,0,[]
Anonymous-ghost/AttackWebFrameworkTools,"Êú¨ËΩØ‰ª∂È¶ñÂÖàÈõÜÊàêÂç±ÂÆ≥ÊÄßËæÉÂ§ßÊ°ÜÊû∂ÂíåÈÉ®ÂàÜ‰∏ªÊµÅcmsÁöÑrce(Êó†ÈúÄÁôªÂΩï,ÊàñËÄÖÁôªÂΩïÁªïËøáÊâßË°årce)ÂíåÂèçÂ∫èÂàóÂåñ(Âà©Áî®ÈìæÁÆÄÂçï)„ÄÇ‰∏ä‰º†getshell„ÄÇsqlÊ≥®ÂÖ•Á≠âÈ´òÂç±ÊºèÊ¥ûÁõ¥Êé•Â∞±ÂèØ‰ª•ÊãøÊùÉÈôêÂá∫Êï∞ÊçÆ„ÄÇÂÖ∂Ê¨°ÂØπ‰∏Ä‰∫õÊûÑÈÄ†Â§çÊùÇexpÊºèÊ¥ûËøõË°åÊ£ÄÊµã„ÄÇÂÇªÁìúÂºèÂØºÂÖ•urlÂç≥ÂèØÂÆûÁé∞ÊâπÈáèÊµãËØï,ËÉΩ‰∏ÄÈîÆgetshellÊ£ÄÊµãÁªù‰∏çsqlÊ≥®ÂÖ•ÊàñËÄÖ‰∏çÊòØÂè™Ê£ÄÊµã„ÄÇÂÖ∂‰∏≠thinkphp ÈõÜÊàêÊâÄÊúârce Exp Struts2ÊºèÊ¥ûÈõÜÊàê‰∫Üshack2 Âíåk8 ÊºèÊ¥ûÂà©Áî®Â∑•ÂÖ∑ÊâÄÊúâExpÂπ∂ÂØπ‰ªñ‰ª¨ÁöÑexpËøõË°å‰ºòÂåñÂíå‰øÆÂ§çÊ≠§Â∑•ÂÖ∑ÁöÑÊâÄÈõÜÊàêÊºèÊ¥ûÂÖ®ÈÉ®ÊòØÂü∫‰∫éÂπ≥Êó∂ÂÆûÊàò‰∏≠ÊâÄÂæóÂà∞ÁöÑÁªèÈ™å‰ªéËÄåÂÜôÂÖ•Âà∞",https://github.com/Anonymous-ghost/AttackWebFrameworkTools,['rce'],1,2021-11-02T01:04:50+0000,288849,714,,147,[]
macky168/sseopt,Stochastic Schemata Exploiter-based hyper-parameter optimization of Machine Learning,https://github.com/macky168/sseopt,['exploit'],1,2021-11-04T07:25:52+0000,44,0,Python,0,[]
subn0de/Roblox_Exploits,"[Roblox] Downtown RP ESP (Gun Crates, Printers) -- genta",https://github.com/subn0de/Roblox_Exploits,['exploit'],1,2021-11-04T03:10:24+0000,1225,0,Lua,0,[]
binarytrails/prober,Pentester's toolbox,https://github.com/binarytrails/prober,['exploit'],1,2021-11-02T17:26:13+0000,5951,5,Go,2,[]
Patrowl/PatrowlHearsData,"Open-Source Vulnerability Intelligence Center - Unified source of vulnerability, exploit and threat Intelligence feeds",https://github.com/Patrowl/PatrowlHearsData,['exploit'],1,2021-11-07T00:03:46+0000,451223,35,,19,[]
azwisec/linuxpriv,Linux Privilege Escalation Resourses. Aswin Govind Aswin Govind Sep 8¬∑1 min read    Linux Privilege Escalation tactics and techniques Resourses designed to help you improve your privilege escalation game. Links and Resourses: Enjoy üòÉ https://blog.g0tmi1k.c,https://github.com/azwisec/linuxpriv,['exploit'],1,2021-11-04T02:18:07+0000,6,2,,0,[]
brerodrigues/exploit_drafts,Drafts of exploits made for studying and consultation purposes,https://github.com/brerodrigues/exploit_drafts,['exploit'],1,2021-11-05T02:19:42+0000,136,0,Python,0,[]
sneakerhax/C2PE,C2 and Post Exploitation Code,https://github.com/sneakerhax/C2PE,['exploit'],1,2021-11-03T22:38:05+0000,36,27,Python,4,[]
Alekseyyy/ctfs,"infosec ctfs, coding puzzles and other contests",https://github.com/Alekseyyy/ctfs,['rce'],1,2021-11-02T13:33:05+0000,9597,2,Python,1,[]
pucarasec/zuthaka,"Zuthaka is an open source application designed to assist red-teaming efforts, by simplifying the task of managing different APTs and other post-exploitation tools. ",https://github.com/pucarasec/zuthaka,['exploit'],1,2021-11-05T18:15:37+0000,27929,129,Python,16,[]
cdk-team/CDK,"CDK is an open-sourced container penetration toolkit, offering stable exploitation in different slimmed containers without any OS dependency. It comes with penetration tools and many powerful PoCs/EXPs helps you to escape container and takeover K8s cluster",https://github.com/cdk-team/CDK,['exploit'],1,2021-11-01T10:59:46+0000,9796,1809,Go,282,[]
marcinguy/CVE-2020-15999,CVE-2020-15999,https://github.com/marcinguy/CVE-2020-15999,['cve-2 OR cve_2'],1,2021-11-01T19:13:18+0000,1589,27,CSS,9,['CVE-2020-15999']
mjwhitta/runsc,Simple shellcode injector,https://github.com/mjwhitta/runsc,['shellcode'],1,2021-11-03T03:20:29+0000,40,3,Go,5,[]
xploitspeeds/Bookmarklet-Hacks-For-School,"* READ THE README FOR INFO!! * Incoming Tags- z score statistics,find mean median mode statistics in ms excel,variance,standard deviation,linear regression,data processing,confidence  intervals,average value,probability theory,binomial distribution,matrix,",https://github.com/xploitspeeds/Bookmarklet-Hacks-For-School,['exploit'],1,2021-11-06T19:56:06+0000,74,5,,11,[]
fanyao/branchspec,Proof of concept code for the BranchSpec exploit.,https://github.com/fanyao/branchspec,['exploit'],1,2021-11-02T02:29:59+0000,22612,2,C,4,[]
SecuProject/ADenum,AD Enum is a pentesting tool that allows to find misconfiguration through the the protocol LDAP and exploit some of those weaknesses with kerberos.,https://github.com/SecuProject/ADenum,['exploit'],1,2021-11-05T16:52:48+0000,87,14,Python,7,[]
dillonwu-97/csec-code,This is a repo for the coding done for CTFs / exploits. The writeups are here: https://github.com/dillonwu-97/csec_writeups,https://github.com/dillonwu-97/csec-code,['exploit'],1,2021-11-07T09:10:51+0000,1060,0,Python,0,[]
bsauce/kernel-security-learning,"Anything about kernel security.  CTF kernel pwn, kernel exploit, kernel fuzz and kernel defense paper, kernel debugging technique, kernel CVE debug.",https://github.com/bsauce/kernel-security-learning,['exploit'],1,2021-11-04T01:12:06+0000,15726,265,C,37,[]
Anatik572/trust_bw_exploit,None,https://github.com/Anatik572/trust_bw_exploit,['exploit'],1,2021-11-06T00:07:07+0000,3,2,Lua,0,[]
Moham3dRiahi/XAttacker,X Attacker Tool ‚ò£ Website Vulnerability Scanner & Auto Exploiter,https://github.com/Moham3dRiahi/XAttacker,['exploit'],1,2021-11-05T07:04:58+0000,389,1021,Perl,440,[]
wofeiwo/webcgi-exploits,Multi-language web CGI interfaces exploits.,https://github.com/wofeiwo/webcgi-exploits,['exploit'],1,2021-11-02T03:17:42+0000,34,295,PHP,57,[]
The-Art-of-Hacking/h4cker,"This repository is primarily maintained by Omar Santos and includes thousands of resources related to ethical hacking  / penetration testing, digital forensics and incident response (DFIR), vulnerability research, exploit development, reverse engineering, ",https://github.com/The-Art-of-Hacking/h4cker,['exploit'],1,2021-11-01T11:35:05+0000,71337,10270,Jupyter Notebook,1761,[]
techdivision/import-cli-simple,"This the meta package for Pacemaker Community, a Symfony based CLI application that provides import functionality for products, categories, attributes, and attribute-sets. The default format is CSV, adapters for XML are also available. The application can ",https://github.com/techdivision/import-cli-simple,['command injection'],1,2021-11-01T18:52:06+0000,9272,67,PHP,15,[]
dthuerck/mapmap_cpu,"A high-performance general-purpose MRF MAP solver, heavily exploiting SIMD instructions.",https://github.com/dthuerck/mapmap_cpu,['exploit'],1,2021-11-01T09:31:43+0000,1032,66,C++,33,[]
xairy/linux-kernel-exploitation,A collection of links related to Linux kernel security and exploitation,https://github.com/xairy/linux-kernel-exploitation,['exploit'],1,2021-11-01T22:26:48+0000,368,3736,,797,[]
zeroscience/advisory,"Vulnerabilities, security advisories, exploit codes and proof-of-concept codes.",https://github.com/zeroscience/advisory,['exploit'],1,2021-11-01T23:25:12+0000,5631,5,Python,4,[]
ParrotSec/metasploit-framework,None,https://github.com/ParrotSec/metasploit-framework,['metasploit module OR payload'],1,2021-11-04T14:20:56+0000,65521,9,Ruby,10,[]
epinna/tplmap,Server-Side Template Injection and Code Injection Detection and Exploitation Tool,https://github.com/epinna/tplmap,['exploit'],1,2021-11-03T22:19:27+0000,648,2587,Python,543,[]
GuardedOperators/OpGuard,Spigot plugin that protects against op exploits & malicious plugins.,https://github.com/GuardedOperators/OpGuard,['exploit'],1,2021-11-01T01:51:12+0000,1353,9,Java,5,[]
shellphish/how2heap,A repository for learning various heap exploitation techniques.,https://github.com/shellphish/how2heap,['exploit'],1,2021-11-01T04:59:49+0000,333,4937,C,956,[]
rapid7/metasploit-omnibus-cache,None,https://github.com/rapid7/metasploit-omnibus-cache,['metasploit module OR payload'],1,2021-11-03T17:31:27+0000,1347030,3,Shell,9,[]
OWASP-Benchmark/BenchmarkJava,"OWASP Benchmark is a test suite designed to verify the speed and accuracy of software vulnerability detection tools. A fully runnable web app written in Java, it supports analysis by Static (SAST), Dynamic (DAST), and Runtime (IAST) tools that support Java",https://github.com/OWASP-Benchmark/BenchmarkJava,['exploit'],1,2021-11-02T18:25:27+0000,74680,418,Java,465,[]
cirosantilli/china-dictatorship,"Anti Chinese government information. Âèç‰∏≠ÂÖ±Ê∂àÊÅØÂ∫ì„ÄÇ‰ΩèÂú®‰∏≠ÂõΩÁúüÂêçÁî®Êà∑ÁöÑÁΩëÂèãËØ∑Âà´ÁªôÊòüÊòüÔºå‰∏çÁÑ∂‰Ω†Ë¶ÅË¢´Ë≠¶ÂØüËØ∑ÂñùËå∂„ÄÇÂ∏∏ËßÅÈóÆÁ≠îÈõÜÔºåÊñ∞ÈóªÈõÜÂíåÈ•≠Â∫óÂíåÈü≥‰πêÂª∫ËÆÆ„ÄÇÂçê‰π†‰∏áÂ≤ÅÂçê„ÄÇÂÜ†Áä∂ÁóÖÊØíÂÆ°Êü•ÈÉùÊµ∑‰∏úÊñ∞ÁñÜÊîπÈÄ†‰∏≠ÂøÉÂÖ≠Âõõ‰∫ã‰ª∂Ê≥ïËΩÆÂäü 996.ICU709Â§ßÊäìÊçïÂ∑¥ÊãøÈ©¨Êñá‰ª∂ÈÇìÂÆ∂Ë¥µ‰ΩéÁ´Ø‰∫∫Âè£Ë•øËóèÈ™ö‰π±„ÄÇFriends who live in China and have real name on account, please don't star this repo, or else the police mi",https://github.com/cirosantilli/china-dictatorship,"['attack poc', 'exploit']",2,2021-11-05T10:49:32+0000,34539,648,HTML,118,[]
hugsy/gef,GEF (GDB Enhanced Features) - a modern experience for GDB with advanced debugging features for exploit developers & reverse engineers ‚ò¢,https://github.com/hugsy/gef,['exploit'],1,2021-11-02T15:34:47+0000,5472,4064,Python,559,[]
commixproject/commix,Automated All-in-One OS Command Injection Exploitation Tool.,https://github.com/commixproject/commix,"['command injection', 'exploit']",2,2021-11-04T06:43:56+0000,5688,2961,Python,655,[]
offensive-security/exploitdb-bin-sploits,Exploit Database binary exploits located in the /sploits directory,https://github.com/offensive-security/exploitdb-bin-sploits,"['exploit', 'sploit']",2,2021-11-03T00:06:03+0000,1534764,1519,Python,521,[]
pwndbg/pwndbg,Exploit Development and Reverse Engineering with GDB Made Easy,https://github.com/pwndbg/pwndbg,['exploit'],1,2021-11-04T07:28:15+0000,12376,4072,Python,587,[]
Terradue/doc-tep-geohazards,Geohazards Thematic Exploitation guide,https://github.com/Terradue/doc-tep-geohazards,['exploit'],1,2021-11-05T14:30:07+0000,643786,9,Python,26,[]
offensive-security/exploitdb,The official Exploit Database repository,https://github.com/offensive-security/exploitdb,['exploit'],1,2021-11-03T05:08:04+0000,280688,6576,C,1817,[]
leebaird/discover,"Custom bash scripts used to automate various penetration testing tasks including recon, scanning, parsing, and creating malicious payloads and listeners with Metasploit.",https://github.com/leebaird/discover,['metasploit module OR payload'],1,2021-11-02T18:15:43+0000,3743,2516,PowerShell,730,[]
Gallopsled/pwntools,CTF framework and exploit development library,https://github.com/Gallopsled/pwntools,"['exploit', 'shellcode']",2,2021-11-05T23:43:23+0000,27085,8459,Python,1456,[]
buffer/thug,Python low-interaction honeyclient,https://github.com/buffer/thug,['shellcode'],1,2021-11-03T15:53:54+0000,46294,851,Python,201,[]
beefproject/beef,The Browser Exploitation Framework Project,https://github.com/beefproject/beef,['exploit'],1,2021-11-05T02:15:22+0000,21891,6103,JavaScript,1457,[]
hahwul/mad-metasploit,"Metasploit custom modules, plugins, resource script and.. awesome metasploit collection",https://github.com/hahwul/mad-metasploit,['metasploit module OR payload'],1,2021-11-04T00:16:48+0000,172901,252,Ruby,78,[]
offensive-security/exploitdb-papers,exploit-database-papers,https://github.com/offensive-security/exploitdb-papers,['exploit'],1,2021-11-04T01:36:28+0000,2761190,357,JavaScript,55,[]
Alekseyyy/InfoSec,some hacking tools that I wrote,https://github.com/Alekseyyy/InfoSec,['exploit'],1,2021-11-02T14:07:16+0000,15,1,C#,2,[]
grantdadams/Rceattle,TMB based CEATTLE model,https://github.com/grantdadams/Rceattle,['rce'],1,2021-11-03T20:43:48+0000,380443,1,C++,0,[]
io12/pwninit,pwninit - automate starting binary exploit challenges,https://github.com/io12/pwninit,['exploit'],1,2021-11-02T06:42:13+0000,1029,249,Rust,14,[]
Ascotbe/Medusa,:cat2:MedusaÊòØ‰∏Ä‰∏™Á∫¢ÈòüÊ≠¶Âô®Â∫ìÂπ≥Âè∞ÔºåÁõÆÂâçÂåÖÊã¨XSSÂπ≥Âè∞„ÄÅÂçèÂêåÂπ≥Âè∞„ÄÅCVEÁõëÊéß„ÄÅÂÖçÊùÄÁîüÊàê„ÄÅDNSLOG„ÄÅÈíìÈ±ºÈÇÆ‰ª∂Á≠âÂäüËÉΩÔºåÊåÅÁª≠ÂºÄÂèë‰∏≠ ,https://github.com/Ascotbe/Medusa,['cve poc'],1,2021-11-05T09:07:57+0000,64659,1272,Python,261,[]
C0nw0nk/Nginx-Lua-Anti-DDoS,A Anti-DDoS script to protect Nginx web servers using Lua with a HTML Javascript based authentication puzzle inspired by Cloudflare I am under attack mode an Anti-DDoS authentication page protect yourself from every attack type All Layer 7 Attacks Mitigati,https://github.com/C0nw0nk/Nginx-Lua-Anti-DDoS,['exploit'],1,2021-11-01T09:53:21+0000,497,396,Lua,150,[]
Mr-xn/Penetration_Testing_POC,Ê∏óÈÄèÊµãËØïÊúâÂÖ≥ÁöÑPOC„ÄÅEXP„ÄÅËÑöÊú¨„ÄÅÊèêÊùÉ„ÄÅÂ∞èÂ∑•ÂÖ∑Á≠â---About penetration-testing python-script poc getshell csrf xss cms php-getshell domainmod-xss penetration-testing-poc csrf-webshell cobub-razor cve rce sql sql-poc poc-exp bypass oa-getshell cve-cms,https://github.com/Mr-xn/Penetration_Testing_POC,"['cve poc', 'exploit', 'rce', 'rce poc']",4,2021-11-03T13:24:45+0000,1447864,3697,PowerShell,1275,[]
chaitin/xray,‰∏ÄÊ¨æÂÆåÂñÑÁöÑÂÆâÂÖ®ËØÑ‰º∞Â∑•ÂÖ∑ÔºåÊîØÊåÅÂ∏∏ËßÅ web ÂÆâÂÖ®ÈóÆÈ¢òÊâ´ÊèèÂíåËá™ÂÆö‰πâ poc _ ‰ΩøÁî®‰πãÂâçÂä°ÂøÖÂÖàÈòÖËØªÊñáÊ°£,https://github.com/chaitin/xray,['vulnerability poc'],1,2021-11-07T07:15:23+0000,35957,6009,Vue,1261,[]
remo7777/Termux-Metasploit,metasploit-framework version 5.0.53-dev for termux specially for android version 5 and 6,https://github.com/remo7777/Termux-Metasploit,['metasploit module OR payload'],1,2021-11-03T11:33:55+0000,52,58,Shell,19,[]
Deadpool2000/Paybag,Simple and easy Metasploit payload generator for Linux & Termux,https://github.com/Deadpool2000/Paybag,['metasploit module OR payload'],1,2021-11-01T08:47:56+0000,108,25,Python,3,[]
k8gege/k8gege.github.io,K8ÂçöÂÆ¢,https://github.com/k8gege/k8gege.github.io,['exploit'],1,2021-11-01T11:31:09+0000,270239,18,HTML,7,[]
dhondta/python-sploitkit,:wrench:  Devkit for building Metasploit-like consoles,https://github.com/dhondta/python-sploitkit,"['metasploit module OR payload', 'sploit']",2,2021-11-05T20:40:53+0000,2132,169,Python,45,[]
darksideoftheshmoo/rcell2,functions to produce and analyze Cell-ID data in a tidy and shiny framework,https://github.com/darksideoftheshmoo/rcell2,['rce'],1,2021-11-02T15:26:46+0000,115630,0,R,0,[]
reddelexc/hackerone-reports,Top disclosed reports from HackerOne,https://github.com/reddelexc/hackerone-reports,['rce'],1,2021-11-06T05:58:10+0000,19546,640,Python,168,[]
aria-tools/ARIA-tools,Tools for exploiting ARIA standard products,https://github.com/aria-tools/ARIA-tools,['exploit'],1,2021-11-04T00:04:53+0000,1282,46,Python,23,[]
JuliaDiff/SparseDiffTools.jl,Fast jacobian computation through sparsity exploitation and matrix coloring,https://github.com/JuliaDiff/SparseDiffTools.jl,['exploit'],1,2021-11-01T15:13:03+0000,522,106,Julia,22,[]
CBIIT/rcellminerUtilsCDB,R package for cellminercdb ,https://github.com/CBIIT/rcellminerUtilsCDB,['rce'],1,2021-11-01T20:01:55+0000,33835,0,R,0,[]
AlaBouali/bane,"this is a python module that contains functions and classes which are used to test the security of web/network applications. it's coded on pure python and it's very intelligent tool ! It can easily detect: XSS (relected/stored), RCE (Remote Code/Command Ex",https://github.com/AlaBouali/bane,"['rce', 'remote code execution']",2,2021-11-06T15:17:51+0000,642,68,Python,26,[]
Maxul/Awesome-SGX-Open-Source,Open Source Projects that helps exploit Intel SGX technology,https://github.com/Maxul/Awesome-SGX-Open-Source,['exploit'],1,2021-11-04T03:02:15+0000,136,99,,17,[]
bitsadmin/wesng,Windows Exploit Suggester - Next Generation,https://github.com/bitsadmin/wesng,['exploit'],1,2021-11-02T14:48:55+0000,74914,2563,Python,389,[]
vngkv123/aSiagaming,My Chrome and Safari exploit code + write-up repo,https://github.com/vngkv123/aSiagaming,['exploit'],1,2021-11-05T04:38:25+0000,15653,400,JavaScript,90,[]
hooj0/shell-examples,:tada: Linux common command line script example,https://github.com/hooj0/shell-examples,['shellcode'],1,2021-11-05T02:57:32+0000,568,2,Shell,0,[]
dcs4cop/xcube,"xcube is a Python package for generating and exploiting data cubes powered by xarray, dask, and zarr.",https://github.com/dcs4cop/xcube,['exploit'],1,2021-11-02T10:27:35+0000,294966,81,Python,13,[]
mitchellkrogza/Fail2Ban.WebExploits,"This custom Fail2Ban filter and jail will deal with all scans for common Wordpress, Joomla and other Web Exploits being scanned for by automated bots and those seeking to find exploitable web sites.",https://github.com/mitchellkrogza/Fail2Ban.WebExploits,['exploit'],1,2021-11-04T10:06:52+0000,362,86,Shell,27,[]
ExpLife0011/awesome-windows-kernel-security-development,windows kernel security development,https://github.com/ExpLife0011/awesome-windows-kernel-security-development,['shellcode'],1,2021-11-01T08:24:26+0000,2720,1344,,452,[]
mgeeky/Penetration-Testing-Tools,"A collection of more than 160+ tools, scripts, cheatsheets and other loots that I have developed over years for Red Teaming/Pentesting/IT Security audits purposes. Most of them came handy on at least one of my real-world engagements.",https://github.com/mgeeky/Penetration-Testing-Tools,['exploit'],1,2021-11-02T16:12:38+0000,16589,968,PowerShell,229,[]
HadiMed/pwn,Exploits for some pwn challenges on windows and linux . ,https://github.com/HadiMed/pwn,['exploit'],1,2021-11-02T13:24:12+0000,526,0,Python,0,[]
Pen-Test3rs/binary_exploits_frontend,Educational web application demonstrating techniques of binary exploitation (Front-end),https://github.com/Pen-Test3rs/binary_exploits_frontend,['exploit'],1,2021-11-04T22:18:45+0000,3077,0,TypeScript,0,[]
abundov/web-exploits,Tools and Exploits,https://github.com/abundov/web-exploits,['exploit'],1,2021-11-06T04:49:16+0000,74,2,PHP,0,[]
cuciuu/DuckySploit-Level-7,"DuckSploit is an Roblox Executor that I made for a friend, Supports LUA Files and some Level 8 Scripts, Scripts Folder Powered by WeAreDevs :)",https://github.com/cuciuu/DuckySploit-Level-7,['sploit'],1,2021-11-05T04:17:38+0000,67747,0,,0,[]
nturley3/zeek-http-rce,A Zeek package to detect potential remote code execution attempts over HTTP.,https://github.com/nturley3/zeek-http-rce,"['rce', 'remote code execution']",2,2021-11-02T03:26:56+0000,28,1,Zeek,0,[]
weak1337/BE-Shellcode,Code for Battleyes shellcode,https://github.com/weak1337/BE-Shellcode,['shellcode'],1,2021-11-02T18:31:19+0000,21,64,C++,32,[]
antx-code/CVE-2021-31166,Windows HTTPÂçèËÆÆÊ†àËøúÁ®ã‰ª£Á†ÅÊâßË°åÊºèÊ¥û CVE-2021-31166,https://github.com/antx-code/CVE-2021-31166,['cve-2 OR cve_2'],1,2021-11-01T04:28:19+0000,293,5,Python,3,['CVE-2021-31166']
rain0x06/InternalS8Exploits,"Uses UE4 (EngineRendering) and has Fixed Car fly, bullet tp, fov changer, and waypoint tp. All credit to ritz#8008 for leaking, and Micca#1337 for releasing publicly:)",https://github.com/rain0x06/InternalS8Exploits,['exploit'],1,2021-11-04T02:24:32+0000,672,0,C++,0,[]
glixzzy/blooket-hack,Multiple hacks that breaks the game,https://github.com/glixzzy/blooket-hack,['exploit'],1,2021-11-02T14:04:27+0000,3246,90,JavaScript,201,[]
MS-9web/shellcodes,None,https://github.com/MS-9web/shellcodes,['shellcode'],1,2021-11-02T13:16:34+0000,79,1,Python,1,[]
Athis-Offsec/Exploits-I-Made,None,https://github.com/Athis-Offsec/Exploits-I-Made,['exploit'],1,2021-11-01T12:56:33+0000,66,0,Python,0,[]
0bfxgh0st/lxd-privesc-exploit,lxd privilege escalation exploit,https://github.com/0bfxgh0st/lxd-privesc-exploit,['exploit'],1,2021-11-04T00:11:34+0000,3571,2,Shell,1,[]
Nwqda/Sashimi-Evil-OctoBot-Tentacle,Script PoC that exploits the Tentacles upload functionality of OctoBot trading bot and which leads to an arbitrary code execution.,https://github.com/Nwqda/Sashimi-Evil-OctoBot-Tentacle,"['exploit', 'vulnerability poc']",2,2021-11-04T00:05:10+0000,4,0,Python,0,[]
joeengo/exploiting,None,https://github.com/joeengo/exploiting,['exploit'],1,2021-11-01T23:09:18+0000,297,0,Lua,0,[]
Offensive-Cyber/Binary-Exploitation,CPU Functionality Content For Binary Exploitation,https://github.com/Offensive-Cyber/Binary-Exploitation,['exploit'],1,2021-11-02T05:21:07+0000,346,4,,0,[]
fran-CICS/ExploitTensorflowCVE-2021-37678,TP Seguridad Inform√°tica UTN FRBA 2021,https://github.com/fran-CICS/ExploitTensorflowCVE-2021-37678,"['cve-2 OR cve_2', 'exploit']",2,2021-11-06T02:59:14+0000,16,2,Python,0,['CVE-2021-37678']
sdushantha/dora,Find exposed API keys based on RegEx and get exploitation methods for some of keys that are found,https://github.com/sdushantha/dora,['exploit'],1,2021-11-04T14:34:56+0000,2257,82,Python,12,[]
YTZirex/Zirexium-Exploit,None,https://github.com/YTZirex/Zirexium-Exploit,['exploit'],1,2021-11-05T18:26:54+0000,4,0,,0,[]
Symbux/Turbo,"Turbo is a powerful command engine using internal event scheduling, dependency injection, and ORM for creating scalable and powerful REST API / WebSocket based platforms.",https://github.com/Symbux/Turbo,['command injection'],1,2021-11-07T04:56:42+0000,521,0,TypeScript,0,[]
ngovinhhuy/Exploit_old_vuln_apps,None,https://github.com/ngovinhhuy/Exploit_old_vuln_apps,['exploit'],1,2021-11-03T14:32:51+0000,562,0,Python,0,[]
HauLiang/FFT-DFISTA-and-FFT-DADMM,High-Resolution Source Localization Exploiting the Sparsity of the Beamforming Map,https://github.com/HauLiang/FFT-DFISTA-and-FFT-DADMM,['exploit'],1,2021-11-07T02:35:10+0000,13,0,MATLAB,0,[]
SapienzaNLP/neural-pagerank-wsd,Exploiting the global WordNet graph to perform WSD,https://github.com/SapienzaNLP/neural-pagerank-wsd,['exploit'],1,2021-11-03T13:49:24+0000,356,0,Python,0,[]
aesophor/requiem,üéª Requiem: Modular exploit generation using symbolic execution,https://github.com/aesophor/requiem,['exploit'],1,2021-11-03T03:22:50+0000,9457,14,C++,3,[]
KRYMZ0N/SimpleExploitFixer,A Simple Exploit Fixer plugin that aims to fix most lag machines ,https://github.com/KRYMZ0N/SimpleExploitFixer,['exploit'],1,2021-11-02T03:51:22+0000,16,1,Java,0,[]
Kira-Pgr/Github-CVE-Listener,Get latest GitHub CVE EXP/POC repos and send to WeChat (GitHub Actions),https://github.com/Kira-Pgr/Github-CVE-Listener,['cve poc'],1,2021-11-06T03:58:29+0000,333,0,Python,1,[]
fadhilthomas/go-firebase-exploit,go-firebase-exploit or gfe is a tool for exploiting insecure firebase databases,https://github.com/fadhilthomas/go-firebase-exploit,['exploit'],1,2021-11-05T02:59:44+0000,65,1,Go,0,[]
BlackSnufkin/PT-ToolKit,Exploits Scripts and other tools that are useful during Penetration-Testing or Red Team engagement ,https://github.com/BlackSnufkin/PT-ToolKit,['exploit'],1,2021-11-03T07:03:12+0000,108692,7,PowerShell,6,[]
bo-zhang-cs/CGS-Pytorch,"Unofficial PyTorch implementation of ""Composing Good Shots by Exploiting Mutual Relations""",https://github.com/bo-zhang-cs/CGS-Pytorch,['exploit'],1,2021-11-03T02:53:21+0000,31,0,Python,0,[]
snovvcrash/DInjector,Collection of shellcode injection techniques packed in a D/Invoke weaponized DLL,https://github.com/snovvcrash/DInjector,['shellcode'],1,2021-11-03T17:35:20+0000,91,184,C#,36,[]
gittina/expressyouRcell,None,https://github.com/gittina/expressyouRcell,['rce'],1,2021-11-05T16:16:34+0000,4006,0,R,0,[]
can-you-teach-me/Hacking-Tools-Pack,"Trojan Rat Builder(310), Ransomware Builder(17), Crypter(72), Miner(9), Worm(8), Botnet(25), Virus Builder(9), Binder(25), Exploit(7), Keylogger & Stealer(40), Proxy Tool(9), Spoofer(11),Fake program & Sample Virus(64),Other & Tools(16). Around 610 tools, ",https://github.com/can-you-teach-me/Hacking-Tools-Pack,['exploit'],1,2021-11-04T11:49:06+0000,11,2,,0,[]
Rrarandom/shellcode_exec_tricks,shellcode everywhere,https://github.com/Rrarandom/shellcode_exec_tricks,['shellcode'],1,2021-11-03T07:15:05+0000,9,0,C,0,[]
sha0coder/scemu,shellcode emulator,https://github.com/sha0coder/scemu,['shellcode'],1,2021-11-01T20:30:04+0000,1019,0,Rust,0,[]
gxthbxy/Exploits,collection of all exploits I own.,https://github.com/gxthbxy/Exploits,['exploit'],1,2021-11-07T07:21:15+0000,83748,0,Roff,0,[]
ErnestoCubo/autoexploit,"Trabajo de fin de grado, esta tool permite al usuario realizar una peque√±a auditoria a la hora de escalar privilegios en windows, la herramienta cuenta con un m√≥dulo autom√°tico, uno manual, y un m√≥dulo de b√∫squeda para encontrar exploits",https://github.com/ErnestoCubo/autoexploit,['exploit'],1,2021-11-02T13:25:58+0000,11,1,PowerShell,0,[]
cupiditys/iReady-Overload,iReady is awful. It's the worst education tool anyone could ever use. This program is designed to skip through iReady lessons/quizzes/time requirements or whatever.,https://github.com/cupiditys/iReady-Overload,['exploit'],1,2021-11-05T04:58:03+0000,130,3,JavaScript,5,[]
nerap/McTrade,"McTrade is a bot exploiting Binance API, open source! built in python !",https://github.com/nerap/McTrade,['exploit'],1,2021-11-01T01:31:39+0000,268,2,Python,0,[]
RealNotSimcraftlol/Fortnite-Bulletp-Internal-Cheat,"A updated linora source with special exploits, always be updated to latest update",https://github.com/RealNotSimcraftlol/Fortnite-Bulletp-Internal-Cheat,['exploit'],1,2021-11-02T20:13:06+0000,621,4,C++,0,[]
niko047/Genkidama,Genkidama offers distributed and optimized system of Machine Learning using the unexploited computational power in traditional tech business contexts (exploiting latent CPUs coming from laptops of non-tech members of companies). It does so using Websocket ,https://github.com/niko047/Genkidama,['exploit'],1,2021-11-06T10:17:31+0000,43,0,Python,0,[]
caigoshinobi/CVE,CVE List & PoC,https://github.com/caigoshinobi/CVE,['cve poc'],1,2021-11-02T13:03:52+0000,23,0,,0,[]
rssmith33/3-armed_bandit_task_model,"Scripts for building and simulating data using an active inference model of the three-armed bandit task used in: Smith, R., Schwartenbeck, P., Stewart, J. L., Kuplicki, R., Ekhtiari, H., Paulus, M. P., & Tulsa 1000 Investigators. (2020). Imprecise action s",https://github.com/rssmith33/3-armed_bandit_task_model,['exploit'],1,2021-11-05T16:29:35+0000,2,0,MATLAB,0,[]
T-Dynamos/Infector,The ultimate Metasploit apk binder with legit apk written in python3,https://github.com/T-Dynamos/Infector,['metasploit module OR payload'],1,2021-11-07T05:53:07+0000,56,6,Python,0,[]
alikmli/HeapOverFlow-Detection,An Adaptive Symbolic Execution Method For Detecting Heap Overflow Vulnerability Based On Vulnerability Specification,https://github.com/alikmli/HeapOverFlow-Detection,['heap overflow'],1,2021-11-01T06:23:22+0000,2977,0,Python,0,[]
oxctdev/CVE-2020-0796,Remote Code Execution POC for CVE-2020-0796,https://github.com/oxctdev/CVE-2020-0796,"['cve poc', 'cve-2 OR cve_2', 'remote code execution']",3,2021-11-01T19:36:41+0000,2534,3,Assembly,0,['CVE-2020-0796']
Deadpool2000/msf-termux,Install Metasploit on Termux,https://github.com/Deadpool2000/msf-termux,['metasploit module OR payload'],1,2021-11-01T08:47:02+0000,30,2,Shell,0,[]
einzbernnn/CVE-2020-1938Scan,-H 192.168.1.1-192.168.5.255,https://github.com/einzbernnn/CVE-2020-1938Scan,['cve-2 OR cve_2'],1,2021-11-02T09:28:04+0000,6,0,Python,0,['CVE-2020-1938']
Exanoff12/js-exploit,simple/complex javascript exploits to prank your friends !,https://github.com/Exanoff12/js-exploit,['exploit'],1,2021-11-06T13:56:58+0000,2390,0,,0,[]
nop-tech/learning-resources,"Collection of resources to learn pentesting, exploit development, obfuscation & much more.",https://github.com/nop-tech/learning-resources,['exploit'],1,2021-11-06T11:29:33+0000,61,3,,0,[]
cr7pt0pl4gu3/Pestilence,Shellcode loader written in rust. Strives to evade modern EDR solutions.,https://github.com/cr7pt0pl4gu3/Pestilence,['shellcode'],1,2021-11-01T15:13:02+0000,39,3,Rust,1,[]
boku7/Ninja_UUID_Runner,"Module Stomping, No New Thread, HellsGate syscaller, UUID Shellcode Runner for x64 Windows 10!",https://github.com/boku7/Ninja_UUID_Runner,['shellcode'],1,2021-11-04T18:28:55+0000,422,201,C,39,[]
iilegacyyii/PoC-CVE-2021-41773,None,https://github.com/iilegacyyii/PoC-CVE-2021-41773,"['cve poc', 'cve-2 OR cve_2']",2,2021-11-03T10:02:26+0000,11,34,Python,30,['CVE-2021-41773']
IxZZZ/Lab_SecureCoding_ExploitSystem,None,https://github.com/IxZZZ/Lab_SecureCoding_ExploitSystem,['exploit'],1,2021-11-03T07:21:48+0000,17,0,,0,[]
RaphaelUebersax/Incrementally_Learning_and_Exploiting_Inverse_Dynamics,"Robotics semester project at LASA, EPFL",https://github.com/RaphaelUebersax/Incrementally_Learning_and_Exploiting_Inverse_Dynamics,['exploit'],1,2021-11-01T20:29:40+0000,15491,0,MATLAB,0,[]
Mario-Kart-Felix/Build-exploits-packages,Exploit kits (or exploit packs) are automated programs used by attackers to exploit known vulnerabilities in systems or applications.,https://github.com/Mario-Kart-Felix/Build-exploits-packages,['exploit'],1,2021-11-04T01:59:31+0000,523,0,Python,0,[]
Kote324/Discord-Exploit-Utils,None,https://github.com/Kote324/Discord-Exploit-Utils,['exploit'],1,2021-11-04T08:58:05+0000,2,0,,0,[]
ForwarderFactory/wii,"Wii archive containing WADs including official, unofficial and system IOS/menu, Exploits, Homebrew Apps, DevKit, and more.",https://github.com/ForwarderFactory/wii,['exploit'],1,2021-11-06T11:17:20+0000,3831349,3,,0,[]
albert-jin/Rce-KGQA,A novel pipeline framework for multi-hop complex KGQA task. About the paper title: Improving Multi-hop Embedded Knowledge Graph Question Answering by Introducing Relational Chain Reasoning,https://github.com/albert-jin/Rce-KGQA,['rce'],1,2021-11-04T05:41:06+0000,253,3,Python,0,[]
cirosantilli/china-dictatorship-2,https://github.com/cirosantilli/china-dictatorship ÁöÑÂ§á‰ªΩbackup. Anti Chinese government information. Âèç‰∏≠ÂÖ±Ê∂àÊÅØÂ∫ì„ÄÇ‰ΩèÂú®‰∏≠ÂõΩÁúüÂêçÁî®Êà∑ÁöÑÁΩëÂèãËØ∑Âà´ÁªôÊòüÊòüÔºå‰∏çÁÑ∂‰Ω†Ë¶ÅË¢´Ë≠¶ÂØüËØ∑ÂñùËå∂„ÄÇÂ∏∏ËßÅÈóÆÁ≠îÈõÜÔºåÊñ∞ÈóªÈõÜÂíåÈ•≠Â∫óÂíåÈü≥‰πêÂª∫ËÆÆ„ÄÇÂçê‰π†‰∏áÂ≤ÅÂçê„ÄÇÂÜ†Áä∂ÁóÖÊØíÂÆ°Êü•ÈÉùÊµ∑‰∏úÊñ∞ÁñÜÊîπÈÄ†‰∏≠ÂøÉÂÖ≠Âõõ‰∫ã‰ª∂Ê≥ïËΩÆÂäü 996.ICU709Â§ßÊäìÊçïÂ∑¥ÊãøÈ©¨Êñá‰ª∂ÈÇìÂÆ∂Ë¥µ‰ΩéÁ´Ø‰∫∫Âè£Ë•øËóèÈ™ö‰π±„ÄÇFriends who live in China and have real name ,https://github.com/cirosantilli/china-dictatorship-2,"['attack poc', 'exploit']",2,2021-11-05T10:49:24+0000,6938,14,HTML,8,[]
REW-sploit/REW-sploit,Emulate and Dissect MSF and *other* attacks,https://github.com/REW-sploit/REW-sploit,"['metasploit module OR payload', 'sploit']",2,2021-11-03T22:07:03+0000,1389,105,Python,17,[]
y9x/webpack,"Krunker cheats with shared libraries, built with Webpack.",https://github.com/y9x/webpack,['sploit'],1,2021-11-06T20:34:03+0000,1403,4,JavaScript,2,[]
theritwikkundu/Covicare,The main objective of this project is to help common people exploit the online services by means of an all-round COVID-19 care solution easily and effectively in this era of digital revolution.,https://github.com/theritwikkundu/Covicare,['exploit'],1,2021-11-02T22:00:20+0000,305,0,Dart,0,[]
xxycfhb/xxycfhb.github.io,PKU-Exploit,https://github.com/xxycfhb/xxycfhb.github.io,['exploit'],1,2021-11-02T03:29:04+0000,104279,0,JavaScript,0,[]
Matheus-Garbelini/braktooth_esp32_bluetooth_classic_attacks,A Series of Baseband & LMP Exploits against Bluetooth Classic Controllers,https://github.com/Matheus-Garbelini/braktooth_esp32_bluetooth_classic_attacks,['exploit'],1,2021-11-06T06:51:48+0000,83730,56,,7,[]
mr-r3bot/Gitlab-CVE-2021-22205,None,https://github.com/mr-r3bot/Gitlab-CVE-2021-22205,['cve-2 OR cve_2'],1,2021-11-02T14:45:24+0000,19,138,Python,28,['CVE-2021-22205']
rcevulndev/rcevulndev.github.io,None,https://github.com/rcevulndev/rcevulndev.github.io,['rce'],1,2021-11-04T18:24:27+0000,394,0,HTML,0,[]
licit-lab/symupy-examples,A series of symupy examples to exploit the symupy package,https://github.com/licit-lab/symupy-examples,['exploit'],1,2021-11-04T11:28:10+0000,1275,0,Jupyter Notebook,0,[]
ru-faraon/metasploit-framework,None,https://github.com/ru-faraon/metasploit-framework,['metasploit module OR payload'],1,2021-11-02T13:01:24+0000,380579,1,Ruby,0,[]
bigb0sss/Bankai,Another Go Shellcode Loader using Windows APIs,https://github.com/bigb0sss/Bankai,['shellcode'],1,2021-11-04T12:52:44+0000,2635,59,Go,16,[]
kvturk/exploit,None,https://github.com/kvturk/exploit,['exploit'],1,2021-11-02T17:33:51+0000,1308,0,,0,[]
CQEN-QDCE/aws-sso-scim-goclient,Client Go pour exploiter l'API SCIM de AWS SSO,https://github.com/CQEN-QDCE/aws-sso-scim-goclient,['exploit'],1,2021-11-04T17:27:53+0000,33,0,Go,0,[]
NickSanzotta/scanman,"ScanMan is the amalgamation of Masscan, Metasploit Framework (MSF) and Nmap Scripting Engine (NSE).",https://github.com/NickSanzotta/scanman,['metasploit module OR payload'],1,2021-11-06T13:43:49+0000,158,5,Python,1,[]
ehsaanqazi/Mind-Maps,Vulnerabilities in Web Application  and How to test and exploit for them.,https://github.com/ehsaanqazi/Mind-Maps,['exploit'],1,2021-11-04T05:51:42+0000,2332,33,,3,[]
christianhacks/SPYthon_Web-App,The idea for this project is to create a multithreaded Python server that will generate HTML reports on what exploits can be run against a host. The project has two versions. There is a command line (CLI) version which is confined to the Linux terminal env,https://github.com/christianhacks/SPYthon_Web-App,['exploit'],1,2021-11-03T18:29:06+0000,952,1,,0,[]
exploitblizzard/exploitblizzard,Config files for my GitHub profile.,https://github.com/exploitblizzard/exploitblizzard,['exploit'],1,2021-11-05T07:20:27+0000,21,0,,1,[]
zYan666/Demon-Exploit,None,https://github.com/zYan666/Demon-Exploit,['exploit'],1,2021-11-02T22:10:16+0000,14564,0,,0,[]
gl4ssesbo1/Nebula,"Cloud C2 Framework, which at the moment offers reconnaissance, enumeration, exploitation, post exploitation on AWS, but still working to allow testing other Cloud Providers and DevOps Components.",https://github.com/gl4ssesbo1/Nebula,['exploit'],1,2021-11-02T12:49:06+0000,1307,179,Python,37,[]
jopraveen/exploit-development,Gonna share my writeups and resources here,https://github.com/jopraveen/exploit-development,['exploit'],1,2021-11-03T06:20:52+0000,205,10,Python,6,[]
ycdxsb/PocOrExp_in_Github,ËÅöÂêàGithub‰∏äÂ∑≤ÊúâÁöÑPocÊàñËÄÖExpÔºåCVE‰ø°ÊÅØÊù•Ëá™CVEÂÆòÁΩë„ÄÇAuto Collect Poc Or Exp from Github by CVE ID.,https://github.com/ycdxsb/PocOrExp_in_Github,['cve poc'],1,2021-11-04T04:01:51+0000,122718,224,Python,67,[]
E-Team-Sec/ExploitDepository,‰∏Ä‰∏™Ëä±ÈáåËÉ°Âì®ÁöÑExploitËøêË°åÊ°ÜÊû∂,https://github.com/E-Team-Sec/ExploitDepository,['exploit'],1,2021-11-06T02:48:21+0000,10599,0,Python,0,[]
issa-project/visualization,"The aim of this project is to develop a web interface for visualizing indexed documents, enriched by exploiting the semantic index",https://github.com/issa-project/visualization,['exploit'],1,2021-11-04T09:19:54+0000,1259,0,JavaScript,0,[]
tony23x/beef-for-cerberus,"Herramienta para usar The Browser Exploitation Framework fuera de LAN, con diferentes opciones para hacking",https://github.com/tony23x/beef-for-cerberus,['exploit'],1,2021-11-02T22:15:46+0000,8141,3,HTML,1,[]
veo/vscan,ÂºÄÊ∫ê„ÄÅËΩªÈáè„ÄÅÂø´ÈÄü„ÄÅË∑®Âπ≥Âè∞ ÁöÑÁ∫¢Èòü(redteam)Â§ñÁΩëÊâìÁÇπÊâ´ÊèèÂô®ÔºåÂäüËÉΩ Á´ØÂè£Êâ´Êèè(port scan) ÊåáÁ∫πËØÜÂà´(fingerprint) ndayÊ£ÄÊµã(nday check) Êô∫ËÉΩÁàÜÁ†¥ (admin brute) ÊïèÊÑüÊñá‰ª∂Êâ´Êèè(file fuzz),https://github.com/veo/vscan,['0day'],1,2021-11-01T10:29:52+0000,14740,237,Go,32,[]
c0del1ar/Domaineer,Domain Engineer or Domaineer is Semi-Auto Bot to gaining data from domains,https://github.com/c0del1ar/Domaineer,['exploit'],1,2021-11-07T04:50:25+0000,197,5,Python,4,[]
HonestlyDex/DexHub,The Next-Gen Roblox Exploit Hub,https://github.com/HonestlyDex/DexHub,['exploit'],1,2021-11-07T00:43:05+0000,475,1,Lua,0,[]
thiagofigcosta/V-REx-v2,Vulnerabilities' Risk of Exploitation,https://github.com/thiagofigcosta/V-REx-v2,['exploit'],1,2021-11-04T21:05:15+0000,28716,0,Python,0,[]
divanix/poc-workflow,"This repository is used as PoC for repository attacks through workflows. For example, shell/command injection through workflow",https://github.com/divanix/poc-workflow,"['attack poc', 'command injection']",2,2021-11-01T17:29:13+0000,24,0,JavaScript,0,[]
dnr6419/CVE-2021-32644,Ampache XSS ,https://github.com/dnr6419/CVE-2021-32644,['cve-2 OR cve_2'],1,2021-11-03T06:07:59+0000,37,0,,0,['CVE-2021-32644']
Luigit12/coordinate-exploit-cool-mann-txt-generator,Press Q to quit,https://github.com/Luigit12/coordinate-exploit-cool-mann-txt-generator,['exploit'],1,2021-11-02T20:28:35+0000,4,0,Python,0,[]
scmanjarrez/CVEScannerV2DB,Semiupdated database of CVEScannerV2,https://github.com/scmanjarrez/CVEScannerV2DB,['cve-2 OR cve_2'],1,2021-11-03T15:06:15+0000,31648,1,Shell,2,[]
scmanjarrez/CVEScannerV2,Nmap script that searches for probable vulnerabilities based on services discovered in open ports. ,https://github.com/scmanjarrez/CVEScannerV2,"['cve-2 OR cve_2', 'exploit', 'metasploit module OR payload']",3,2021-11-05T13:21:00+0000,6660,5,Python,2,[]
sidchn/Protostar-Exploit-Development-Exercise,My notes for Linux x86 exploit development of the exercises in protostar from exploit education,https://github.com/sidchn/Protostar-Exploit-Development-Exercise,['exploit'],1,2021-11-06T13:24:18+0000,240,0,,0,[]
I2rys/ODiscord,Collection of Discord hacking tools/fun stuff/exploits that is completely made using NodeJS.,https://github.com/I2rys/ODiscord,['exploit'],1,2021-11-05T23:06:06+0000,309,26,JavaScript,9,[]
PanosAntoniadis/emotion-gcn,[IEEE FG 2021] Official implementation: Exploiting Emotional Dependencies with Graph Convolutional Networks for Facial Expression Recognition,https://github.com/PanosAntoniadis/emotion-gcn,['exploit'],1,2021-11-02T11:26:39+0000,5425,4,Python,0,[]
V0lk3n/OSED-CheatSheet,Exploit Development CheatSheet.,https://github.com/V0lk3n/OSED-CheatSheet,['exploit'],1,2021-11-03T00:12:56+0000,160,0,,4,[]
thelikes/ownlist,Weekly compilation of offensive security tools and write-ups,https://github.com/thelikes/ownlist,['exploit'],1,2021-11-01T15:19:08+0000,24,3,,2,[]
ethanoxendine/blue,this is a windows machine vulnerable to the eternalblue exploit. let's hack it!,https://github.com/ethanoxendine/blue,['exploit'],1,2021-11-04T18:31:51+0000,8,0,,0,[]
thelikes/arsenal,miscellaneous sploit scripts/hacks,https://github.com/thelikes/arsenal,['sploit'],1,2021-11-01T15:23:46+0000,92,3,Python,1,[]
noobone123/my_CTF_challenges,Record some topics and exploits in my learning of PWN,https://github.com/noobone123/my_CTF_challenges,['exploit'],1,2021-11-03T14:38:06+0000,19817,0,Python,0,[]
Operational-Sciences-Group/Project-Beewolf,Beewolf is a PowerShell script that exploits HiveNightmare/SeriousSAM,https://github.com/Operational-Sciences-Group/Project-Beewolf,['exploit'],1,2021-11-02T15:12:23+0000,91,0,PowerShell,0,[]
ImLorio/All-Discord-Exploits,"This is a list of Discord console scripts, bugs and exploits.",https://github.com/ImLorio/All-Discord-Exploits,['exploit'],1,2021-11-03T02:22:10+0000,39,9,,4,[]
HeiTang/Zrss,RSS feeds for HITCON ZeroDay‚Äôs vulnerability list,https://github.com/HeiTang/Zrss,['zeroday'],1,2021-11-05T01:05:44+0000,12771,2,Python,0,[]
josebarahona1895/cvenlinea2021,None,https://github.com/josebarahona1895/cvenlinea2021,['cve-2 OR cve_2'],1,2021-11-02T15:50:48+0000,13,0,,0,[]
P-DennyGamingYT/PDennSploit,This is where you can find the API's used and Download The Newest Version of PDennSploit,https://github.com/P-DennyGamingYT/PDennSploit,['sploit'],1,2021-11-02T23:53:16+0000,12437,1,,0,[]
NoTelling/obf-scripts,"A github repository made for roblox exploiting, my discord server is linked below if you wanted it! Enjoy lol",https://github.com/NoTelling/obf-scripts,['exploit'],1,2021-11-05T02:16:14+0000,32,1,Lua,0,[]
iamtryingtofindname/Artemis,A private Da Hood exploit script,https://github.com/iamtryingtofindname/Artemis,['exploit'],1,2021-11-06T00:36:46+0000,1172,1,Lua,1,[]
CCore3090/Key-,Key exploit,https://github.com/CCore3090/Key-,['exploit'],1,2021-11-05T17:22:46+0000,2,0,JavaScript,0,[]
Sma-Das/TryHackMe,Writeups on my TryHackMe adventures!,https://github.com/Sma-Das/TryHackMe,['exploit'],1,2021-11-04T21:17:36+0000,63137,9,Python,0,[]
118fz/MrCakilPackTools,"Grabsite V1-V5, Wordpress Exploit ,Laravel Scanner, Da Pa Checker",https://github.com/118fz/MrCakilPackTools,['exploit'],1,2021-11-07T09:59:06+0000,0,1,Shell,0,[]
